Num,BLOCKNUM,Total_FullTime_Jobs,Total_PartTime_Jobs,Total_Jobs,Businesses,Internal_FloorArea,PERIMETER,Shape__Area,Shape__Length,suburb,jobs_sqm
1,33,1070,215,1285,37,23459.28691,254.514,0.000000389,0.002456337,"Sydney CBD",0.05
2,34,5586,492,6078,70,134876.403,494.335,0.00000139,0.005033575,"Sydney CBD",0.05
3,38,0,0,0,0,0,211.026,0.000000269,0.002057536,"Sydney CBD",0
4,86,875,298,1173,71,66402.14029,447.746,0.000000748,0.004187652,"Sydney CBD",0.02
5,88,377,805,1182,154,57253.40305,428.078,0.000000517,0.003963137,"Sydney CBD",0.02
6,129,202,134,336,34,97006.76872,412.11,0.000000826,0.003914195,"Sydney CBD",0
7,131,212,65,277,15,59829.09246,329.54,0.000000477,0.003152844,"Sydney CBD",0
8,153,494,170,664,54,58149.10565,481.953,0.0000011,0.004686204,"Sydney CBD",0.01
9,151,162,95,257,44,14820.41565,192.675,0.000000207,0.001910696,"Sydney CBD",0.02
10,150,37,53,90,10,5233.856962,211.118,0.000000155,0.002168816,"Sydney CBD",0.02
11,152,134,78,212,36,15016.55988,232.938,0.000000321,0.002313071,"Sydney CBD",0.01
12,148,250,1086,1336,77,132218.3521,513.067,0.00000143,0.005169818,"Sydney CBD",0.01
13,149,116,84,200,15,10978.30275,244.667,0.000000285,0.0023929,"Sydney CBD",0.02
14,197,0,0,0,0,0,461.072,0.00000119,0.004487013,"Sydney CBD",0
15,173,87,61,148,9,24619.17993,482.965,0.00000127,0.004708034,"Sydney CBD",0.01
16,198,0,6,6,1,26459.23858,505.335,0.00000129,0.004894292,"Sydney CBD",0
17,177,13,25,38,5,23499.66829,484.297,0.00000123,0.004722297,"Sydney CBD",0
18,178,55,55,110,8,25037.50822,483.189,0.00000128,0.004713445,"Sydney CBD",0
19,183,968,422,1390,70,136432.9978,803.543,0.0000035,0.007741118,"Sydney CBD",0.01
20,187,379,11,390,5,11631.95688,322.146,0.000000606,0.003164882,"Sydney CBD",0.03
21,188,146,0,146,1,18866.96162,558.687,0.00000193,0.005507719,"Sydney CBD",0.01
22,189,49,88,137,6,19818.93487,1601.309,0.0000129,0.015694184,"Sydney CBD",0.01
23,190,0,0,0,0,0,965.327,0.00000145,0.009625992,"Sydney CBD",0
24,192,77,45,122,19,69571.90305,502.948,0.00000142,0.004916066,"Sydney CBD",0
25,194,0,0,0,0,7137.888225,360.309,0.00000051,0.003463697,"Sydney CBD",0
26,195,28,22,50,7,11520.62414,482.535,0.00000126,0.004710056,"Sydney CBD",0
27,193,19,16,35,9,25086.3569,497.557,0.00000121,0.004863226,"Sydney CBD",0
28,205,21,16,37,14,14779.61015,398.486,0.000000595,0.003818827,"Sydney CBD",0
29,204,33,23,56,12,68185.8405,493.608,0.000000772,0.004709668,"Sydney CBD",0
30,203,394,23,417,8,56073.20949,451.931,0.000000678,0.00428928,"Sydney CBD",0.01
31,200,6,8,14,1,18572.49233,295.247,0.000000385,0.002823075,"Sydney CBD",0
32,206,283,19,302,32,109553.625,479.254,0.00000123,0.004667525,"Sydney CBD",0
33,201,6,0,6,1,34442.74255,441.722,0.00000141,0.005507766,"Sydney CBD",0
34,202,0,0,0,0,0,770.199,0.0000012,0.007359519,"Sydney CBD",0
35,210,229,96,325,17,38701.49474,364.868,0.000000713,0.003498767,"Sydney CBD",0.01
36,209,24,41,65,3,53330.11142,470.378,0.000000978,0.004535208,"Sydney CBD",0
37,207,51,24,75,7,70463.56574,571.787,0.00000159,0.005537464,"Sydney CBD",0
38,208,222,10,232,3,6310.692942,235.241,0.000000232,0.002325637,"Sydney CBD",0.04
39,212,2683,455,3138,45,77710.14121,504.61,0.00000155,0.005009156,"Sydney CBD",0.04
40,233,968,229,1197,92,37612.84572,823.98,0.00000232,0.007959545,"Sydney CBD",0.03
41,216,1403,98,1501,23,69247.43455,661.046,0.00000184,0.006417185,"Sydney CBD",0.02
42,213,52,0,52,2,5178.324192,236.175,0.000000253,0.002394867,"Sydney CBD",0.01
43,237,199,81,280,32,40082.5952,517.3,0.00000131,0.005261046,"Sydney CBD",0.01
44,235,4,3,7,3,12565.6534,336.036,0.000000411,0.003259614,"Sydney CBD",0
45,236,2,0,2,1,39410.45381,482.164,0.00000133,0.004721142,"Sydney CBD",0
46,238,738,417,1155,17,95014.99588,1435.226,0.00000348,0.014333648,"Sydney CBD",0.01
47,232,20,3,23,3,53381.45629,713.05,0.00000212,0.006803981,"Sydney CBD",0
48,229,67,53,120,19,23351.67934,623.285,0.00000161,0.005995786,"Sydney CBD",0.01
49,217,77,84,161,22,18634.03265,465.061,0.00000127,0.005498859,"Sydney CBD",0.01
50,220,73,76,149,18,8216.67341,438.78,0.000000465,0.004152351,"Sydney CBD",0.02
51,218,63,0,63,2,13226.28531,510.284,0.000000943,0.004885041,"Sydney CBD",0
52,230,855,516,1371,21,62630.79776,586.214,0.00000201,0.005898576,"Sydney CBD",0.02
53,241,158,216,374,15,38792.41371,3078.385,0.00000661,0.020508566,"Sydney CBD",0.01
54,316,51,64,115,22,17637.21088,305.688,0.000000572,0.003053855,"Pott Point",0.01
55,313,0,0,0,0,31371.73092,621.511,0.00000121,0.00638876,"Pott Point",0
56,318,61,65,126,6,17554.25519,317.291,0.000000554,0.003265162,"Pott Point",0.01
57,314,34,53,87,5,21049.89008,501.187,0.000000691,0.005157426,"Pott Point",0
58,312,0,0,0,0,39540.12053,828.676,0.0000015,0.00783379,"Pott Point",0
59,311,0,0,0,0,7534.495181,269.699,0.000000292,0.002829386,"Pott Point",0
60,319,2,8,10,2,4596.024889,179.164,0.00000019,0.001754408,"Pott Point",0
61,327,19,59,78,9,9396.359421,169.694,0.000000158,0.001736644,"Pott Point",0.01
62,333,5,15,20,2,10702.62243,242.579,0.000000237,0.002279393,"Pott Point",0
63,329,28,28,56,12,18367.48599,532.683,0.000000795,0.004983722,"Pott Point",0
64,331,16,25,41,3,9240.575592,608.925,0.000000767,0.005671738,"Pott Point",0
65,330,16,2,18,5,11068.44028,241.201,0.000000261,0.002283366,"Pott Point",0
66,337,207,7,214,4,26619.34125,797.065,0.00000274,0.007547308,"Pott Point",0.01
67,335,6,8,14,2,7406.693001,202.9,0.000000176,0.001923916,"Pott Point",0
68,332,4,4,8,2,25156.04955,593.139,0.00000107,0.005626054,"Pott Point",0
69,336,12,33,45,4,6960.180629,297.225,0.000000499,0.002980994,"Pott Point",0.01
70,356,3,3,6,1,26691.46086,253.413,0.000000405,0.002524869,"Pott Point",0
71,355,12,15,27,5,7117.327692,233.187,0.000000323,0.002344315,"Pott Point",0
72,351,48,15,63,10,25905.36877,545.968,0.00000123,0.005162391,"Pott Point",0
73,346,0,0,0,0,4193.601329,174.537,0.000000183,0.001714553,"Pott Point",0
74,345,45,19,64,2,3084.092058,274.88,0.000000334,0.002570142,"Pott Point",0.02
75,348,26,12,38,5,2982.591136,254.086,0.000000252,0.002010828,"Pott Point",0.01
76,347,14,0,14,2,1797.144483,178.989,0.000000324,0.002406899,"Pott Point",0.01
77,349,70,2,72,5,11953.40509,500.237,0.00000113,0.004743523,"Pott Point",0.01
78,374,0,0,0,0,2879.937452,214.679,0.000000244,0.002078487,"Moore Park",0
79,375,20,3,23,3,5388.598109,308.891,0.000000579,0.003044616,"Moore Park",0
80,376,2,1,3,1,8201.59311,378.952,0.000000819,0.00367132,"Moore Park",0
81,380,0,0,0,0,4068.013184,231.385,0.000000322,0.002329614,"Moore Park",0
82,384,26,15,41,8,4322.217376,361.342,0.000000654,0.003611045,"Moore Park",0.01
83,383,88,55,143,16,15699.10822,511.524,0.00000141,0.00505669,"Moore Park",0.01
84,382,10,19,29,1,22300.19008,816.712,0.00000136,0.008596663,"Moore Park",0
85,378,0,0,0,0,3151.834355,274.184,0.000000326,0.002744975,"Moore Park",0
86,379,3,6,9,0,19868.2252,584.818,0.00000173,0.005886761,"Moore Park",0
87,372,2,1,3,1,4365.358613,382.265,0.000000448,0.003987958,"Moore Park",0
88,373,243,86,329,18,30925.31916,645.932,0.00000168,0.006353866,"Moore Park",0.01
89,381,9,2,11,3,16507.67225,562.341,0.00000145,0.005798752,"Moore Park",0
90,377,0,0,0,0,6571.445797,325.99,0.000000586,0.003142469,"Moore Park",0
91,371,51,22,73,10,19320.80321,587.684,0.00000144,0.005909303,"Moore Park",0
92,411,42,41,83,6,41717.69088,1054.363,0.00000573,0.010356956,"Darlinghurst and Surry Hill",0
93,408,11,12,23,9,89374.51067,853.513,0.00000323,0.008375433,"Darlinghurst and Surry Hill",0
94,432,61,28,89,13,7883.793463,241.208,0.000000221,0.002288897,"Darlinghurst and Surry Hill",0.01
95,431,36,18,54,14,8469.666274,291.43,0.000000479,0.002817625,"Darlinghurst and Surry Hill",0.01
96,438,79,25,104,7,64328.69828,784.098,0.00000321,0.007750662,"Darlinghurst and Surry Hill",0
97,445,19,14,33,13,17802.34508,449.997,0.00000101,0.004275905,"Darlinghurst and Surry Hill",0
98,446,74,19,93,26,21213.73868,324.834,0.000000623,0.003172133,"Darlinghurst and Surry Hill",0
99,447,25,19,44,7,11159.10075,427.029,0.000000954,0.004081487,"Darlinghurst and Surry Hill",0
100,448,28,13,41,7,8399.587552,423.174,0.000000918,0.004047917,"Darlinghurst and Surry Hill",0
101,450,63,10,73,8,17090.46313,432.793,0.000000965,0.004143108,"Darlinghurst and Surry Hill",0
102,449,119,50,169,12,17685.37809,429.785,0.000000955,0.004116902,"Darlinghurst and Surry Hill",0.01
103,469,188,216,404,38,30919.36688,373.8,0.000000757,0.003618072,"Darlinghurst and Surry Hill",0.01
104,467,430,64,494,38,59480.53962,323.598,0.000000625,0.003240979,"Darlinghurst and Surry Hill",0.01
105,466,102,83,185,25,41168.21758,328.456,0.000000652,0.003280981,"Darlinghurst and Surry Hill",0
106,487,69,39,108,10,7146.934594,310.454,0.000000216,0.001946666,"Darlinghurst and Surry Hill",0.02
107,488,46,3,49,4,9575.415543,157.778,0.000000136,0.00161219,"Darlinghurst and Surry Hill",0.01
108,463,12,45,57,4,7791.011718,290.988,0.000000475,0.002832398,"Darlinghurst and Surry Hill",0.01
109,462,14,3,17,4,9334.793306,324.213,0.000000627,0.003169975,"Darlinghurst and Surry Hill",0
110,476,19,14,33,5,11460.58554,415.484,0.000000523,0.003871854,"Darlinghurst and Surry Hill",0
111,475,16,1,17,3,9449.981052,406.645,0.000000829,0.003915266,"Darlinghurst and Surry Hill",0
112,491,15,14,29,5,13551.37535,294.313,0.000000499,0.002895503,"Darlinghurst and Surry Hill",0
113,492,186,39,225,17,23007.84187,321.488,0.00000061,0.003128476,"Darlinghurst and Surry Hill",0.01
114,505,5,17,22,2,7614.213951,320.4,0.000000476,0.00334078,"Darlinghurst and Surry Hill",0
115,504,3,5,8,1,7894.936571,411.067,0.00000064,0.003863725,"Darlinghurst and Surry Hill",0
116,503,9,14,23,4,19470.36306,495.426,0.00000132,0.004734778,"Darlinghurst and Surry Hill",0
117,506,0,0,0,0,0,164.959,0.0000000789,0.001555793,"Darlinghurst and Surry Hill",0
118,519,0,0,0,0,4128.545055,258.267,0.000000304,0.002444708,"Darlinghurst and Surry Hill",0
119,581,1,1,2,1,5512.00177,291.534,0.000000504,0.002927051,"Darlinghurst and Surry Hill",0
120,582,412,36,448,69,24024.88193,356.758,0.000000669,0.003479606,"Darlinghurst and Surry Hill",0.02
121,583,10,5,15,2,3691.627404,235.991,0.000000338,0.002341967,"Darlinghurst and Surry Hill",0
122,593,0,0,0,0,4516.406475,347.852,0.00000065,0.003336132,"Darlinghurst and Surry Hill",0
123,592,0,0,0,0,5732.717811,334.16,0.000000624,0.003232326,"Darlinghurst and Surry Hill",0
124,594,7,7,14,2,6729.020784,327.75,0.00000059,0.003162122,"Darlinghurst and Surry Hill",0
125,591,6,8,14,1,8602.090325,358.797,0.000000667,0.003460339,"Darlinghurst and Surry Hill",0
126,595,0,0,0,0,12625.15259,460.903,0.00000124,0.004650599,"Darlinghurst and Surry Hill",0
127,600,3,5,8,1,5918.25878,371.897,0.000000771,0.003596514,"Redfern, Erskineville and Macdonaldtown",0
128,601,0,0,0,0,7809.048836,401.942,0.000000951,0.003922367,"Redfern, Erskineville and Macdonaldtown",0
129,602,2,3,5,2,5731.184803,378.35,0.000000854,0.003707817,"Redfern, Erskineville and Macdonaldtown",0
130,603,0,0,0,0,5027.28703,346.148,0.000000727,0.00341436,"Redfern, Erskineville and Macdonaldtown",0
131,607,0,0,0,0,6530.302275,347.409,0.000000546,0.003597765,"Redfern, Erskineville and Macdonaldtown",0
132,604,0,0,0,0,5387.364092,271.951,0.000000436,0.002722895,"Redfern, Erskineville and Macdonaldtown",0
133,605,14,2,16,4,9849.031559,435.659,0.00000106,0.00419823,"Redfern, Erskineville and Macdonaldtown",0
134,606,124,0,124,24,15953.10128,539.598,0.00000131,0.005590127,"Redfern, Erskineville and Macdonaldtown",0.01
135,616,0,0,0,0,32383.64224,406.141,0.000000902,0.003897243,"Redfern, Erskineville and Macdonaldtown",0
136,617,1,3,4,2,7290.580297,435.559,0.000000994,0.004154915,"Redfern, Erskineville and Macdonaldtown",0
137,618,0,0,0,0,5435.826011,312.923,0.000000586,0.00302729,"Redfern, Erskineville and Macdonaldtown",0
138,619,59,17,76,7,4854.375147,261.596,0.000000283,0.002674526,"Redfern, Erskineville and Macdonaldtown",0.02
139,622,24,14,38,1,15878.34203,419.548,0.00000101,0.004046404,"Redfern, Erskineville and Macdonaldtown",0
140,623,2,9,11,3,1406.154334,434.03,0.00000105,0.004174893,"Redfern, Erskineville and Macdonaldtown",0.01
141,615,0,0,0,0,10080.59699,417.516,0.000000946,0.004000661,"Redfern, Erskineville and Macdonaldtown",0
142,611,30,21,51,8,5334.369514,339.549,0.000000412,0.003488488,"Redfern, Erskineville and Macdonaldtown",0.01
143,614,4,8,12,4,47651.25209,732.169,0.00000198,0.006859664,"Redfern, Erskineville and Macdonaldtown",0
144,620,15,8,23,3,8234.151365,366.763,0.000000762,0.003595491,"Redfern, Erskineville and Macdonaldtown",0
145,624,13,5,18,5,13403.1899,520.097,0.00000145,0.005318797,"Redfern, Erskineville and Macdonaldtown",0
146,625,8,7,15,2,2770.727303,909.291,0.00000453,0.00875398,"Redfern, Erskineville and Macdonaldtown",0.01
147,626,532,104,636,72,44109.98925,836.202,0.00000227,0.007792879,"Redfern, Erskineville and Macdonaldtown",0.01
148,627,12,13,25,6,15174.12542,763.059,0.00000104,0.007144808,"Redfern, Erskineville and Macdonaldtown",0
149,803,3,1,4,1,3350.913869,212.1,0.000000264,0.002065329,Camperdown,0
150,817,0,0,0,0,7795.039167,316.491,0.000000567,0.003093418,Camperdown,0
151,982,22,32,54,9,34590.38153,715.679,0.00000307,0.007116914,Glebe,0
152,978,0,0,0,0,11259.26804,663.052,0.00000108,0.006395249,Glebe,0
153,975,0,0,0,1,9486.331847,436.175,0.00000106,0.004381288,Glebe,0
154,976,19,48,67,8,22395.25134,593.916,0.00000215,0.005917157,Glebe,0
155,977,40,37,77,18,23497.18242,690.036,0.00000217,0.006937015,Glebe,0
156,979,2,0,2,1,2528.84994,366.487,0.000000571,0.003625194,Glebe,0
157,980,79,9,88,3,9465.750016,774.001,0.00000301,0.007446375,Glebe,0.01
158,983,0,0,0,0,14606.14397,712.253,0.0000018,0.007017052,Glebe,0
159,986,0,0,0,0,6850.961555,472.879,0.000000686,0.004829999,Glebe,0
160,984,117,81,198,1,13959.85614,463.903,0.00000105,0.004697723,Glebe,0.01
161,989,1,2,3,1,24137.80452,687.523,0.00000252,0.006845902,Glebe,0
162,990,3,10,13,3,19063.12065,680.731,0.00000195,0.006637135,Glebe,0
163,987,2,17,19,2,34933.2677,1363.067,0.0000037,0.013610316,Glebe,0
164,992,87,22,109,6,31256.4318,758.236,0.00000349,0.007535858,Glebe,0
165,997,5,0,5,1,39477.5216,946.363,0.00000354,0.009459259,Glebe,0
166,996,0,0,0,0,0,502.002,0.000000754,0.00465626,Glebe,0
167,1001,43,6,49,11,95189.16195,818.065,0.00000377,0.008388408,Alexandria,0
168,1004,25,7,32,1,9534.010728,596.183,0.00000152,0.005664438,Alexandria,0
169,1002,10,7,17,3,32793.94533,642.301,0.00000219,0.006338202,Alexandria,0
170,1000,8,0,8,0,42050.5845,701.809,0.00000226,0.007086438,Alexandria,0
171,1003,0,0,0,0,13543.00019,1698.111,0.000000934,0.007341815,Alexandria,0
172,1145,1,4,5,1,9247.234702,783.555,0.00000262,0.008122181,Alexandria,0
173,1146,0,0,0,0,9703.800262,808.441,0.0000028,0.008409151,Alexandria,0
174,1147,0,0,0,0,6721.661419,621.905,0.00000199,0.005959182,Alexandria,0
175,37,0,0,0,0,27293.83774,233.113,0.000000323,0.002283011,"Sydney CBD",0
176,1,52,40,92,13,26985.17752,836.353,0.0000018,0.008292189,"Sydney CBD",0
177,19,294,260,554,36,18704.89033,400.19,0.000000766,0.004264213,"Sydney CBD",0.03
178,1083,59,36,95,11,8199.590325,398.741,0.000000867,0.004093703,Alexandria,0.01
179,1084,92,58,150,11,12097.21505,463.834,0.00000103,0.004681352,Alexandria,0.01
180,1081,11,2,13,4,10110.44287,455.38,0.00000101,0.00440035,Alexandria,0
181,1080,16,10,26,4,96494.8653,1027.665,0.00000552,0.010234924,Alexandria,0
182,1082,55,34,89,12,50139.94747,594.322,0.00000145,0.005528845,Alexandria,0
183,47,622,158,780,32,42871.4326,238.43,0.000000314,0.00220256,"Sydney CBD",0.02
184,56,2027,187,2214,2,29279.56221,357.493,0.000000587,0.003382841,"Sydney CBD",0.08
185,73,4411,507,4918,72,220503.2752,579.72,0.00000157,0.005491788,"Sydney CBD",0.02
186,82,44,192,236,6,16848.26435,894.837,0.0000023,0.007321635,"Sydney CBD",0.01
187,89,6895,1988,8883,154,283867.4535,634.424,0.000002,0.006036142,"Sydney CBD",0.03
188,115,323,148,471,68,154943.4537,566.093,0.00000149,0.005378266,"Sydney CBD",0
189,124,3197,481,3678,104,155007.1662,585.117,0.00000155,0.005531145,"Sydney CBD",0.02
190,128,908,61,969,3,57655.40154,367.44,0.000000571,0.003456813,"Sydney CBD",0.02
191,132,229,240,469,14,41007.30926,317.153,0.000000473,0.003142805,"Sydney CBD",0.01
192,142,62,93,155,11,27302.03296,239.672,0.000000346,0.002386908,"Sydney CBD",0.01
193,154,77,113,190,26,10895.67186,270.937,0.000000271,0.002559065,"Sydney CBD",0.02
194,155,44,5,49,5,24645.63448,274.328,0.000000276,0.002590414,"Sydney CBD",0
195,159,92,163,255,23,18647.71872,344.861,0.000000533,0.003357672,"Sydney CBD",0.01
196,167,110,58,168,14,20623.9738,407.703,0.000000674,0.003921748,"Sydney CBD",0.01
197,176,230,40,270,15,20439.13701,503.249,0.00000142,0.004918398,"Sydney CBD",0.01
198,174,23,8,31,9,46601.35022,468.489,0.00000118,0.004558526,"Sydney CBD",0
199,191,154,109,263,7,103118.5236,1088.246085,0.000002,0.009784088,"Sydney CBD",0
200,215,2030,1459,3489,33,300186.3946,845.409,0.00000372,0.008106208,"Sydney CBD",0.01
201,350,1122,72,1194,70,70153.04882,503.594,0.00000118,0.004808366,"Pott Point",0.02
202,420,46,24,70,11,6082.030119,368.876,0.000000723,0.003682115,"Darlinghurst and Surry Hill",0.01
203,425,0,0,0,0,4348.497807,283.877,0.000000337,0.00293737,"Darlinghurst and Surry Hill",0
204,419,2,14,16,1,8504.706442,355.532,0.000000711,0.003453757,"Darlinghurst and Surry Hill",0
205,404,40,43,83,15,15716.41381,312.201,0.000000628,0.003160842,"Darlinghurst and Surry Hill",0.01
206,426,0,0,0,0,2184.632146,208.235,0.000000181,0.002023761,"Darlinghurst and Surry Hill",0
207,423,1112,17,1129,6,49127.00873,372.055,0.000000828,0.003712042,"Darlinghurst and Surry Hill",0.02
208,453,18,39,57,10,8343.761006,229.891,0.000000238,0.002299983,"Darlinghurst and Surry Hill",0.01
209,451,115,34,149,24,8767.391829,318.617,0.000000607,0.003109812,"Darlinghurst and Surry Hill",0.02
210,407,496,419,915,21,124421.6322,1075.751,0.00000399,0.010661023,"Darlinghurst and Surry Hill",0.01
211,406,47,41,88,14,33754.66229,482.041,0.00000113,0.004612524,"Darlinghurst and Surry Hill",0
212,452,19,29,48,6,17416.05084,323.94,0.000000586,0.003120186,"Darlinghurst and Surry Hill",0
213,413,20,15,35,5,9434.350795,244.314,0.000000187,0.002170098,"Darlinghurst and Surry Hill",0
214,414,182,45,227,25,81157.64353,777.148,0.00000229,0.00783186,"Darlinghurst and Surry Hill",0
215,417,25,15,40,7,21920.25738,1034.266,0.00000203,0.010551324,"Darlinghurst and Surry Hill",0
216,416,425,27,452,62,40048.37752,629.707,0.00000153,0.006513921,"Darlinghurst and Surry Hill",0.01
217,415,282,18,300,10,37921.21683,558.531,0.00000144,0.005631512,"Darlinghurst and Surry Hill",0.01
218,428,83,62,145,27,10497.31426,362.284,0.00000036,0.003392774,"Darlinghurst and Surry Hill",0.01
219,429,43,9,52,10,61433.82706,494.6,0.000000771,0.005156021,"Darlinghurst and Surry Hill",0
220,427,16,22,38,3,18112.39935,512.095,0.0000013,0.00518955,"Darlinghurst and Surry Hill",0
221,479,172,71,243,13,8103.764536,357.847,0.000000796,0.003539685,"Darlinghurst and Surry Hill",0.03
222,478,165,25,190,18,71652.06145,642.275,0.0000024,0.006393586,"Darlinghurst and Surry Hill",0
223,477,112,23,135,37,32368.76591,514.455,0.00000155,0.005117501,"Darlinghurst and Surry Hill",0
224,522,71,64,135,10,38432.20712,344.736,0.000000374,0.003467022,"Darlinghurst and Surry Hill",0
225,524,1383,389,1772,147,76166.85662,617.51,0.00000148,0.006322162,"Darlinghurst and Surry Hill",0.02
226,612,0,0,0,0,6455.507791,332.071,0.000000631,0.003214455,"Redfern, Erskineville and Macdonaldtown",0
227,621,0,0,0,0,11464.02875,511.13,0.00000129,0.004869516,"Redfern, Erskineville and Macdonaldtown",0
228,613,0,0,0,0,12467.76158,398.642,0.000000861,0.003832505,"Redfern, Erskineville and Macdonaldtown",0
229,629,53,6,59,13,11823.43339,360.418,0.000000721,0.003686147,"Redfern, Erskineville and Macdonaldtown",0
230,630,110,20,130,17,10376.4904,364.087,0.000000718,0.003713982,"Redfern, Erskineville and Macdonaldtown",0.01
231,631,559,124,683,4,37626.68096,609.301,0.00000133,0.005717726,"Redfern, Erskineville and Macdonaldtown",0.02
232,647,130,44,174,35,9873.878342,372.01,0.000000758,0.003808391,"Redfern, Erskineville and Macdonaldtown",0.02
233,648,491,115,606,24,58462.03925,386.4,0.000000834,0.003780359,"Redfern, Erskineville and Macdonaldtown",0.01
234,649,107,43,150,32,14717.653,379.057,0.000000764,0.003870622,"Redfern, Erskineville and Macdonaldtown",0.01
235,652,135,89,224,52,45526.04228,900.044,0.00000187,0.008385768,"Redfern, Erskineville and Macdonaldtown",0
236,651,41,22,63,8,9326.770596,407.437,0.00000164,0.00617636,"Redfern, Erskineville and Macdonaldtown",0.01
237,650,95,42,137,5,19332.64229,845.404,0.00000137,0.005676475,"Redfern, Erskineville and Macdonaldtown",0.01
238,1095,1044,114,1158,159,103628.4074,1489.045,0.0000111,0.014958861,Alexandria,0.01
239,21,242,473,715,38,104981.8734,858.085,0.00000171,0.008034852,"Sydney CBD",0.01
240,2,76,20,96,5,15385.33125,722.53,0.00000259,0.007180386,"Sydney CBD",0.01
241,4,11,15,26,2,14195.81618,508.279,0.000000966,0.005320211,"Sydney CBD",0
242,5,1061,245,1306,26,68535.65043,666.005,0.00000136,0.006823567,"Sydney CBD",0.02
243,6,12,19,31,3,8948.286753,188.208,0.000000225,0.001868209,"Sydney CBD",0
244,7,0,0,0,0,6043.565046,478.926,0.000000763,0.004619772,"Sydney CBD",0
245,8,10,10,20,1,5235.57482,287.79,0.000000389,0.002804428,"Sydney CBD",0
246,9,106,118,224,11,26092.48196,659.719,0.00000142,0.00611648,"Sydney CBD",0.01
247,99,0,0,0,0,0,315.731,0.000000382,0.002924275,"Sydney CBD",0
248,3,0,0,0,0,0,220.443,0.000000125,0.002348329,"Sydney CBD",0
249,92,0,0,0,0,0,117.756,0.0000000733,0.001148612,"Sydney CBD",0
250,40,5155,184,5339,244,180932.829,566.209,0.00000145,0.005336857,"Sydney CBD",0.03
251,144,319,377,696,76,35182.81761,379.403,0.000000698,0.003852857,"Sydney CBD",0.02
252,323,36,53,89,16,21446.73615,517.361,0.000000728,0.004834096,"Pott Point",0
253,322,8,17,25,6,20011.74792,361.806,0.000000484,0.003435866,"Pott Point",0
254,321,233,129,362,55,14613.9708,236.224,0.00000031,0.002258552,"Pott Point",0.02
255,320,105,138,243,52,37755.49543,512.694,0.000000826,0.005129001,"Pott Point",0.01
256,398,180,300,480,46,71390.92908,791.847,0.00000281,0.007484007,"Moore Park",0.01
257,399,1,2,3,1,4772.137959,308.249,0.000000343,0.003200175,"Moore Park",0
258,400,5,5,10,2,14354.3943,705.681,0.00000102,0.007194923,"Darlinghurst and Surry Hill",0
259,403,125,299,424,52,25937.31583,535.591,0.000000982,0.005422498,"Darlinghurst and Surry Hill",0.02
260,443,0,0,0,0,10466.54548,353.244,0.000000779,0.003476927,"Darlinghurst and Surry Hill",0
261,442,143,52,195,10,30741.36711,695.454,0.00000219,0.006600844,"Darlinghurst and Surry Hill",0.01
262,441,59,35,94,16,7804.188022,262.383,0.000000391,0.002666972,"Darlinghurst and Surry Hill",0.01
263,440,63,24,87,15,58122.26716,588.914,0.00000128,0.005818596,"Darlinghurst and Surry Hill",0
264,1092,457,254,711,17,45781.70213,917.166,0.00000407,0.009250593,Alexandria,0.02
265,1091,9,10,19,5,43527.1968,557.138,0.00000179,0.005374017,Alexandria,0
266,1093,874,166,1040,58,70126.01723,1322.224,0.00000726,0.013013716,Alexandria,0.01
267,68,6805,591,7396,182,168554.6394,530.392,0.00000134,0.004628422,"Sydney CBD",0.04
268,13,0,0,0,0,4713.30801,296.995,0.000000296,0.002579614,"Sydney CBD",0
269,14,72,34,106,8,9299.266483,433.916,0.000000555,0.004144918,"Sydney CBD",0.01
270,17,44,42,86,7,11432.42355,516.503,0.00000116,0.004915348,"Sydney CBD",0.01
271,564,1482,334,1816,168,54478.04704,411.548,0.0000009,0.003976751,"Darlinghurst and Surry Hill",0.03
272,724,0,0,0,0,10849.19065,507.224,0.00000119,0.004843661,"Redfern, Erskineville and Macdonaldtown",0
273,725,0,0,0,0,3448.157977,261.577,0.000000419,0.002598301,"Redfern, Erskineville and Macdonaldtown",0
274,723,2,0,2,1,9480.248002,504.919,0.00000116,0.004821739,"Redfern, Erskineville and Macdonaldtown",0
275,722,0,0,0,0,10856.41106,488.858,0.00000144,0.004896821,"Redfern, Erskineville and Macdonaldtown",0
276,726,0,0,0,0,2909.888207,265.352,0.000000429,0.002633811,"Redfern, Erskineville and Macdonaldtown",0
277,734,0,0,0,0,7976.929025,416.545,0.000000996,0.004046014,"Redfern, Erskineville and Macdonaldtown",0
278,733,0,0,0,0,3779.863205,330.865,0.0000003,0.003092144,"Redfern, Erskineville and Macdonaldtown",0
279,735,0,0,0,0,5856.698562,380.415,0.000000826,0.003685195,"Redfern, Erskineville and Macdonaldtown",0
280,736,0,0,0,0,13929.00716,605.064,0.00000167,0.005744822,"Redfern, Erskineville and Macdonaldtown",0
281,737,1,2,3,0,10355.86509,568.541,0.00000135,0.005339289,"Redfern, Erskineville and Macdonaldtown",0
282,738,0,0,0,0,6025.433985,390.981,0.000000752,0.003710018,"Redfern, Erskineville and Macdonaldtown",0
283,32,552,139,691,16,68078.75221,400.914,0.000000853,0.003856309,"Sydney CBD",0.01
284,135,84,61,145,24,6635.087308,148.02,0.000000119,0.001492258,"Sydney CBD",0.02
285,744,0,0,0,0,6939.384171,346.548,0.0000005,0.003289867,"Redfern, Erskineville and Macdonaldtown",0
286,745,0,0,0,0,4189.999974,340.483,0.000000643,0.003289775,"Redfern, Erskineville and Macdonaldtown",0
287,742,0,0,0,0,4769.623421,334.776,0.000000656,0.003370205,"Redfern, Erskineville and Macdonaldtown",0
288,743,0,0,0,0,3183.173011,260.74,0.000000408,0.002557584,"Redfern, Erskineville and Macdonaldtown",0
289,746,9,1,10,1,9721.964823,411.508,0.00000096,0.004122502,"Redfern, Erskineville and Macdonaldtown",0
290,752,40,35,75,5,13265.30427,533.244,0.00000163,0.005207093,"Redfern, Erskineville and Macdonaldtown",0.01
291,751,0,0,0,0,4461.79381,341.018,0.000000629,0.003364062,"Redfern, Erskineville and Macdonaldtown",0
292,753,7,7,14,1,21301.99153,585.263,0.0000016,0.005628842,"Redfern, Erskineville and Macdonaldtown",0
293,754,4,4,8,1,23439.81849,639.643,0.00000203,0.006083607,"Redfern, Erskineville and Macdonaldtown",0
294,145,569,263,832,144,200739.3062,455.436,0.00000126,0.004474384,"Sydney CBD",0
295,456,163,68,231,33,17795.67082,440.016,0.00000101,0.004221302,"Darlinghurst and Surry Hill",0.01
296,470,57,45,102,19,35410.2416,354.906,0.000000696,0.00350357,"Darlinghurst and Surry Hill",0
297,474,88,92,180,9,18966.44127,552.143,0.00000154,0.005490094,"Darlinghurst and Surry Hill",0.01
298,473,85,91,176,30,17968.79882,473.664,0.00000102,0.004788975,"Darlinghurst and Surry Hill",0.01
299,472,39,19,58,21,14337.33276,346.581,0.000000491,0.003252685,"Darlinghurst and Surry Hill",0
300,482,164,28,192,8,6057.019987,179.516,0.000000185,0.001801988,"Darlinghurst and Surry Hill",0.03
301,481,49,0,49,3,15901.02332,198.412,0.000000242,0.001999421,"Darlinghurst and Surry Hill",0
302,480,703,0,703,2,38010.24681,662.796,0.00000228,0.006734516,"Darlinghurst and Surry Hill",0.02
303,1020,3,4,7,1,7466.371411,462.194,0.000000883,0.004592522,Alexandria,0
304,1021,0,0,0,0,3414.89906,332.592,0.000000477,0.003395561,Alexandria,0
305,1022,0,0,0,0,13948.71016,454.924,0.00000113,0.004375872,Alexandria,0
306,1023,2,0,2,1,10987.53254,437.282,0.00000103,0.004206752,Alexandria,0
307,1027,11,8,19,5,5639.977701,378.89,0.000000443,0.003676769,Alexandria,0
308,1024,17,3,20,4,18416.2382,828.809,0.00000146,0.008320037,Alexandria,0
309,1025,13,2,15,5,11840.36231,484.507,0.000001,0.005009283,Alexandria,0
310,1028,11,0,11,1,9727.446442,436.176,0.000000802,0.004219425,Alexandria,0
311,1026,0,0,0,0,7106.096989,326.473,0.000000583,0.003253725,Alexandria,0
312,23,253,54,307,34,68273.06356,247.487,0.000000246,0.002391048,"Sydney CBD",0
313,436,51,15,66,9,18363.47777,374.242,0.000000853,0.003703076,"Darlinghurst and Surry Hill",0
314,434,178,138,316,21,22872.66465,683.015,0.00000282,0.006837741,"Darlinghurst and Surry Hill",0.01
315,119,400,144,544,87,51525.45981,390.496,0.000000748,0.003693733,"Sydney CBD",0.01
316,500,10,24,34,4,10457.64838,400.798,0.00000068,0.003797237,"Darlinghurst and Surry Hill",0
317,780,62,138,200,12,17808.03907,293.823,0.000000303,0.002742693,"Redfern, Erskineville and Macdonaldtown",0.01
318,782,38,29,67,7,4405.391855,148.259,0.000000101,0.00153147,"Redfern, Erskineville and Macdonaldtown",0.02
319,783,230,28,258,4,23818.94844,277.198,0.000000337,0.002605509,"Redfern, Erskineville and Macdonaldtown",0.01
320,130,3280,239,3519,36,146229.7752,455.952,0.00000106,0.004364855,"Sydney CBD",0.02
321,501,5,3,8,3,3898.193652,269.924,0.000000287,0.002545686,"Darlinghurst and Surry Hill",0
322,225,32,46,78,2,11630.41113,987.104,0.00000216,0.010004928,"Sydney CBD",0.01
323,214,46,26,72,7,10228.78255,263.603,0.000000341,0.00255395,"Sydney CBD",0.01
324,240,3,3,6,1,35.72968962,1472.596,0.00000425,0.014533201,"Sydney CBD",0.17
325,223,248,227,475,29,24866.71913,1271.079,0.00000447,0.012699578,"Sydney CBD",0.02
326,1349,0,0,0,0,780.5845462,156.96,0.00000015,0.001556221,"Redfern, Erskineville and Macdonaldtown",0
327,1347,1,0,1,0,9134.305167,311.181,0.000000375,0.003034177,"Redfern, Erskineville and Macdonaldtown",0
328,1348,0,0,0,0,4188.549317,457.071,0.000000592,0.004476084,"Redfern, Erskineville and Macdonaldtown",0
329,1341,0,0,0,0,15137.63018,337.998,0.000000617,0.003486437,"Redfern, Erskineville and Macdonaldtown",0
330,1342,0,0,0,0,43254.75157,403.932,0.000000909,0.004141962,"Redfern, Erskineville and Macdonaldtown",0
331,1343,2,0,2,0,47602.89646,407.681,0.000000965,0.004103295,"Redfern, Erskineville and Macdonaldtown",0
332,1344,0,0,0,0,6168.013848,370.282,0.000000601,0.003191567,"Redfern, Erskineville and Macdonaldtown",0
333,1346,0,0,0,0,0,1019.439,0.00000277,0.010097723,"Redfern, Erskineville and Macdonaldtown",0
334,1350,0,0,0,0,42549.53235,597.303,0.000000722,0.005966657,"Redfern, Erskineville and Macdonaldtown",0
335,1324,3,4,7,2,19651.6671,203.416,0.000000238,0.001947161,"Redfern, Erskineville and Macdonaldtown",0
336,459,310,121,431,13,57892.58291,597.591,0.00000222,0.005902921,"Darlinghurst and Surry Hill",0.01
337,175,542,159,701,135,85998.83421,504.251,0.00000142,0.004930904,"Sydney CBD",0.01
338,1005,1,0,1,1,15135.34479,595.082,0.00000151,0.00565258,Alexandria,0
339,1006,18,13,31,2,16470.39202,971.898,0.00000524,0.009742451,Alexandria,0
340,1007,0,0,0,0,1224.214455,674.433,0.00000304,0.006679108,Alexandria,0
341,20,350,300,650,53,24914.10604,1950.561,0.0000034,0.018883294,"Sydney CBD",0.03
342,1211,1,0,1,0,29776.1896,384.104,0.0000007,0.003745113,Zetland,0
343,1210,1,0,1,0,38583.83961,366.679,0.000000785,0.003608001,Zetland,0
344,1215,0,0,0,0,0,335.003,0.000000497,0.003226676,Zetland,0
345,1216,2,4,6,1,36260.68221,396.365,0.000000779,0.003830981,Zetland,0
346,1218,13,4,17,1,94555.6723,580.996,0.00000207,0.005683481,Zetland,0
347,1222,1,0,1,0,16714.06229,259.541,0.000000407,0.002594168,Zetland,0
348,981,0,0,0,0,11879.52115,527.13,0.00000132,0.005130943,Glebe,0
349,985,0,0,0,0,2549.841378,215.883,0.000000224,0.002158141,Glebe,0
350,988,0,0,0,0,4387.205729,374.917,0.000000849,0.003654148,Glebe,0
351,972,0,0,0,0,7730.316909,426.028,0.00000102,0.004276005,Glebe,0
352,969,0,0,0,0,7755.914933,431.706,0.00000105,0.004328859,Glebe,0
353,970,0,0,0,0,6593.128368,400.796,0.000000915,0.004018152,Glebe,0
354,971,0,0,0,0,10887.96127,585.593,0.00000153,0.005928557,Glebe,0
355,31,3893,374,4267,28,161952.7915,412.705,0.000000799,0.003917792,"Sydney CBD",0.03
356,42,1317,516,1833,96,97169.36226,400.582,0.000000783,0.003902027,"Sydney CBD",0.02
357,354,201,66,267,23,45859.13703,519.03,0.00000156,0.005005212,"Pott Point",0.01
358,568,95,84,179,20,4134.63924,155.12,0.000000142,0.001542677,"Darlinghurst and Surry Hill",0.04
359,991,0,0,0,0,8962.091719,701.716,0.00000194,0.006853797,Glebe,0
360,44,2815,508,3323,152,122392.2127,448.855,0.000000829,0.004468852,"Sydney CBD",0.03
361,950,3,14,17,2,13464.20957,479.252,0.00000134,0.00473232,Glebe,0
362,846,0,0,0,0,4856.291464,359.569,0.000000674,0.003474375,Camperdown,0
363,847,0,0,0,0,3192.470779,359.569,0.000000301,0.002187974,Camperdown,0
364,848,0,0,0,0,2885.153509,219.692,0.000000294,0.002180917,Camperdown,0
365,851,0,2,2,1,3219.901619,208.882,0.000000267,0.002064706,Camperdown,0
366,853,0,0,0,0,2579.663448,330.67,0.000000304,0.002217018,Camperdown,0
367,852,0,0,0,0,2515.550528,359.569,0.000000268,0.002079986,Camperdown,0
368,855,0,0,0,0,3151.672995,359.569,0.000000344,0.002345235,Camperdown,0
369,854,0,0,0,0,5413.247575,330.67,0.000000578,0.00336673,Camperdown,0
370,856,2,0,2,1,3489.625401,218.546,0.000000302,0.002171986,Camperdown,0
371,1073,6,1,7,1,34572.61922,330.67,0.000000684,0.003337128,Alexandria,0
372,1074,3,0,3,1,12369.1908,313.803,0.000000551,0.003058332,Alexandria,0
373,1201,2,4,6,1,409.7350373,271.413,0.000000401,0.00274886,Zetland,0.01
374,1202,0,0,0,0,10339.27509,290.112,0.0000005,0.002921382,Zetland,0
375,1204,3,0,3,1,9759.56758,306.42,0.000000589,0.003071816,Zetland,0
376,1205,0,0,0,0,16867.98346,352.099,0.000000643,0.003446872,Zetland,0
377,1206,0,0,0,0,16125.16435,343.69,0.000000634,0.003340533,Zetland,0
378,1207,0,0,0,0,0,542.978,0.00000127,0.005303402,Zetland,0
379,1203,0,0,0,0,9197.839916,288.913,0.000000495,0.002910174,Zetland,0
380,1212,13,13,26,4,26870.39419,410.228,0.00000102,0.004049674,Zetland,0
381,186,213,8,221,4,15785.90168,343.059,0.00000071,0.003430224,"Sydney CBD",0.01
382,185,284,21,305,7,31585.63067,401.098,0.000000986,0.003973355,"Sydney CBD",0.01
383,303,43,44,87,13,30609.83494,418.599,0.000000809,0.00407716,"Pott Point",0
384,305,239,133,372,53,95833.7351,856.693,0.00000285,0.008346839,"Pott Point",0
385,304,2,5,7,1,50864.75149,753.07,0.00000194,0.007271199,"Pott Point",0
386,301,17,11,28,8,103759.2192,1141.11,0.0000069,0.010694165,"Pott Point",0
387,300,141,119,260,11,78567.35565,3380.11,0.00000761,0.032656696,"Pott Point",0
388,302,12,22,34,5,48038.16868,539.448,0.00000132,0.005440724,"Pott Point",0
389,569,460,12,472,20,17275.33928,269.529,0.000000421,0.002637451,"Darlinghurst and Surry Hill",0.03
390,65,764,195,959,82,31981.03764,288.223,0.000000466,0.002787282,"Sydney CBD",0.03
391,1119,0,0,0,0,4007.785157,447.713,0.00000112,0.004331038,Alexandria,0
392,1124,0,0,0,0,3074.054849,791.05,0.00000122,0.007298388,Alexandria,0
393,1125,0,0,0,0,8889.298855,749.479,0.00000306,0.007602328,Alexandria,0
394,1126,5,9,14,2,1075.923743,392.238,0.000000949,0.003872065,Alexandria,0.01
395,1127,6,8,14,6,6774.561894,543.975,0.00000164,0.005258476,Alexandria,0
396,1128,0,0,0,0,9254.335544,812.571,0.00000291,0.008286011,Alexandria,0
397,1129,0,0,0,0,8748.513819,760.588,0.00000262,0.007916817,Alexandria,0
398,1130,0,0,0,0,13247.5392,942.793,0.00000402,0.0097244,Alexandria,0
399,1131,0,0,0,0,9945.348325,939.128,0.00000313,0.009809106,Alexandria,0
400,1133,1,3,4,1,7746.461258,689.281,0.00000227,0.007110058,Alexandria,0
401,1134,0,0,0,0,6104.847138,639.603,0.00000197,0.006598933,Alexandria,0
402,1135,0,4,4,2,11066.96769,759.013,0.00000395,0.007526639,Alexandria,0
403,1136,0,0,0,0,5849.703584,544.402,0.00000164,0.00526237,Alexandria,0
404,1137,3,4,7,2,5755.203919,544.497,0.00000164,0.005262952,Alexandria,0
405,1138,0,0,0,0,4655.463054,511.779,0.00000135,0.004916162,Alexandria,0
406,1132,4,3,7,2,17687.412,1856.722,0.00000547,0.019402063,Alexandria,0
407,50,2238,527,2765,50,79134.54139,397.949,0.000000665,0.003750052,"Sydney CBD",0.03
408,85,2645,282,2927,90,154776.0054,507.619,0.0000013,0.004840091,"Sydney CBD",0.02
409,120,427,265,692,216,120877.635,484.755,0.00000137,0.004745793,"Sydney CBD",0.01
410,570,387,54,441,59,20896.06859,308.36,0.00000056,0.003011697,"Darlinghurst and Surry Hill",0.02
411,599,0,0,0,0,8318.167908,345.439,0.000000682,0.003352987,"Darlinghurst and Surry Hill",0
412,1362,0,0,0,0,3426.276163,227.24,0.000000334,0.002262296,"Redfern, Erskineville and Macdonaldtown",0
413,1363,1,0,1,0,18350.05018,355.235,0.000000529,0.003609095,"Redfern, Erskineville and Macdonaldtown",0
414,1361,0,0,0,1,14051.51082,228.062,0.000000316,0.002304827,"Redfern, Erskineville and Macdonaldtown",0
415,910,0,0,0,0,7186.85118,425.241,0.00000086,0.004281841,Glebe,0
416,909,0,0,0,0,5227.264495,418.391,0.000000864,0.004156766,Glebe,0
417,908,6,2,8,1,5427.139599,371.221,0.000000702,0.003668318,Glebe,0
418,906,0,0,0,0,808.4436389,259.974,0.000000423,0.002551135,Glebe,0
419,907,0,0,0,0,5165.908921,304.611,0.000000532,0.003022939,Glebe,0
420,58,4576,682,5258,179,136238.6299,399.424,0.000000898,0.003855593,"Sydney CBD",0.04
421,49,9933,1853,11786,21,133869.6626,573.057,0.0000011,0.005393285,"Sydney CBD",0.09
422,930,0,0,0,0,10525.3944,294.455,0.000000529,0.002913684,Glebe,0
423,927,0,8,8,1,8731.151078,438.935,0.00000101,0.004430193,Glebe,0
424,926,6,0,6,1,9321.499095,476.165,0.00000105,0.004833042,Glebe,0
425,928,0,0,0,0,4901.748233,363.74,0.000000691,0.003643162,Glebe,0
426,929,0,0,0,0,4633.395253,307.75,0.000000542,0.003065534,Glebe,0
427,571,74,20,94,9,10723.12828,300.142,0.000000457,0.002916799,"Darlinghurst and Surry Hill",0.01
428,572,177,32,209,5,23142.58503,335.611,0.000000654,0.003258935,"Darlinghurst and Surry Hill",0.01
429,573,57,16,73,14,22601.24841,328.647,0.000000641,0.003186628,"Darlinghurst and Surry Hill",0
430,386,0,0,0,0,21195.48743,609.803,0.00000218,0.005935911,"Moore Park",0
431,388,0,0,0,0,47275.89227,855.053,0.00000394,0.008283206,"Moore Park",0
432,389,8,1,9,1,34297.57724,847.076,0.00000344,0.008448973,"Moore Park",0
433,385,6,1,7,1,32007.24264,779.226,0.0000027,0.007920068,"Moore Park",0
434,387,0,0,0,0,22654.45547,572.278,0.00000126,0.005639426,"Moore Park",0
435,363,24,27,51,9,7491.518039,735.157,0.00000252,0.007499646,"Moore Park",0.01
436,360,642,558,1200,20,118787.8247,1857.061,0.0000146,0.018201827,"Moore Park",0.01
437,362,597,772,1369,61,149519.7796,1739.956,0.0000127,0.017334464,"Moore Park",0.01
438,574,105,33,138,20,20750.2521,361.395,0.000000633,0.003245584,"Darlinghurst and Surry Hill",0.01
439,655,0,0,0,0,8502.883371,502.467,0.00000102,0.00479424,"Redfern, Erskineville and Macdonaldtown",0
440,653,0,0,0,0,26886.23528,486.948,0.00000147,0.004878632,"Redfern, Erskineville and Macdonaldtown",0
441,654,0,0,0,0,8917.43385,453.431,0.000000941,0.004308595,"Redfern, Erskineville and Macdonaldtown",0
442,635,0,0,0,0,32673.02296,495.788,0.00000145,0.004971238,"Redfern, Erskineville and Macdonaldtown",0
443,636,0,0,0,0,55594.74828,595.949,0.00000218,0.005881385,"Redfern, Erskineville and Macdonaldtown",0
444,663,0,0,0,0,0,356.833,0.000000323,0.003347861,"Redfern, Erskineville and Macdonaldtown",0
445,664,0,0,0,0,18437.59024,273.229,0.000000426,0.002635375,"Redfern, Erskineville and Macdonaldtown",0
446,41,2999,332,3331,104,131638.4974,395.273,0.000000921,0.003902328,"Sydney CBD",0.03
447,1008,12,8,20,4,16746.97023,547.56,0.00000127,0.005366464,Alexandria,0
448,1009,0,0,0,0,13686.89837,563.005,0.0000014,0.005533242,Alexandria,0
449,1010,0,0,0,0,25141.41686,557.067,0.00000141,0.005480629,Alexandria,0
450,36,1745,349,2094,195,45896.73043,271.689,0.00000035,0.002580406,"Sydney CBD",0.05
451,211,14,12,26,9,29639.75465,302.924,0.000000502,0.002969543,"Sydney CBD",0
452,87,3019,486,3505,211,81268.60534,483.287,0.000000973,0.004546783,"Sydney CBD",0.04
453,588,0,0,0,0,13357.06136,534.646,0.00000129,0.005536299,"Darlinghurst and Surry Hill",0
454,589,130,13,143,23,18929.0943,576.735,0.00000164,0.00593698,"Darlinghurst and Surry Hill",0.01
455,758,0,0,0,0,2623.190671,186.421,0.000000185,0.001902702,"Redfern, Erskineville and Macdonaldtown",0
456,759,0,0,0,0,1259.704401,127.372,0.0000000987,0.001258943,"Redfern, Erskineville and Macdonaldtown",0
457,760,0,0,0,0,1708.285624,153.455,0.000000139,0.001544308,"Redfern, Erskineville and Macdonaldtown",0
458,761,0,0,0,0,1367.087172,195.065,0.000000144,0.001866374,"Redfern, Erskineville and Macdonaldtown",0
459,502,180,32,212,8,20937.16253,370.598,0.000000831,0.003632542,"Darlinghurst and Surry Hill",0.01
460,520,0,0,0,0,9480.180697,409.06,0.000000639,0.003842658,"Darlinghurst and Surry Hill",0
461,1047,0,0,0,0,9868.066509,336.521,0.00000065,0.003408457,Alexandria,0
462,199,0,0,0,0,8186.457054,394.243,0.000000585,0.003779737,"Sydney CBD",0
463,227,0,0,0,0,7745.093773,504.99,0.000000809,0.004765585,"Sydney CBD",0
464,310,0,0,0,0,19835.46411,587.22,0.00000102,0.005692191,"Pott Point",0
465,309,0,0,0,0,24567.4306,780.375,0.00000248,0.00759675,"Pott Point",0
466,328,0,0,0,0,6693.142786,283.582,0.000000355,0.002686863,"Pott Point",0
467,334,0,0,0,0,7333.282643,216.602,0.00000025,0.002076987,"Pott Point",0
468,341,0,0,0,0,6369.509794,331.019,0.000000667,0.003292286,"Pott Point",0
469,390,0,0,0,0,1336.167529,2487.99,0.0000214,0.023626761,"Moore Park",0
470,435,1,0,1,1,6019.157186,254.904,0.000000293,0.002436831,"Darlinghurst and Surry Hill",0
471,409,0,0,0,0,9216.335106,214.146,0.000000263,0.00207903,"Darlinghurst and Surry Hill",0
472,418,0,0,0,0,3927.003651,283.164,0.000000352,0.002769367,"Darlinghurst and Surry Hill",0
473,412,0,0,0,0,11726.85869,230.16,0.00000028,0.002366766,"Darlinghurst and Surry Hill",0
474,536,0,0,0,0,7155.440904,362.094,0.000000539,0.003745633,"Darlinghurst and Surry Hill",0
475,535,0,0,0,0,9361.235876,374.335,0.000000796,0.003763922,"Darlinghurst and Surry Hill",0
476,539,0,0,0,0,34552.65331,586.808,0.00000185,0.005913535,"Darlinghurst and Surry Hill",0
477,575,178,79,257,26,20489.8834,341.871,0.00000068,0.003323088,"Darlinghurst and Surry Hill",0.01
478,95,1608,462,2070,42,101616.5123,551.429,0.00000194,0.005451836,"Sydney CBD",0.02
479,146,0,0,0,0,0,883.903,0.0000015,0.008091721,"Sydney CBD",0
480,46,3635,443,4078,154,132218.936,430.362,0.000000955,0.004396087,"Sydney CBD",0.03
481,410,0,0,0,0,16955.27612,312.136,0.000000567,0.002973784,"Darlinghurst and Surry Hill",0
482,533,2,3,5,2,3118.472694,228.569,0.000000255,0.002297805,"Darlinghurst and Surry Hill",0
483,553,2,2,4,2,49599.65355,831.379,0.00000362,0.00838788,"Darlinghurst and Surry Hill",0
484,805,0,0,0,0,8634.583343,219.823,0.000000259,0.002234277,Camperdown,0
485,804,0,0,0,0,16946.28182,254.805,0.000000331,0.002622668,Camperdown,0
486,814,12,25,37,2,17074.22392,375.163,0.000000736,0.003629273,Camperdown,0
487,813,11,4,15,1,8618.82246,281.769,0.000000445,0.002728434,Camperdown,0
488,812,0,0,0,0,13787.31667,304.909,0.000000527,0.002919783,Camperdown,0
489,560,35,35,70,9,6278.940569,186.651,0.000000189,0.001781915,"Darlinghurst and Surry Hill",0.01
490,1214,10,7,17,7,121295.2205,1085.637,0.0000069,0.010848754,Zetland,0
491,28,1920,439,2359,103,115547.0545,622.64,0.00000225,0.005998559,"Sydney CBD",0.02
492,1257,0,0,0,0,2646.656789,384.218,0.000000827,0.003758243,Zetland,0
493,66,3709,402,4111,58,94160.78472,342.251,0.000000711,0.003360138,"Sydney CBD",0.04
494,1251,37,35,72,5,34816.78587,528.52,0.00000142,0.005182466,Zetland,0
495,1252,0,0,0,0,1632.91963,378.879,0.000000755,0.003794702,Zetland,0
496,1253,87,99,186,20,62587.85866,608.633,0.00000193,0.005963361,Zetland,0
497,1254,0,0,0,0,0,1071.149,0.00000132,0.004925912,Zetland,0
498,74,1602,361,1963,166,59096.27119,535.761,0.000000938,0.004992006,"Sydney CBD",0.03
499,100,144,423,567,5,29012.12483,602.982,0.000000454,0.003222161,"Sydney CBD",0.02
500,561,80,83,163,24,22131.88941,352.855,0.000000415,0.003436507,"Darlinghurst and Surry Hill",0.01
501,562,155,22,177,10,9743.464748,204.095,0.000000214,0.002027934,"Darlinghurst and Surry Hill",0.02
502,1086,30,17,47,7,14346.54428,523.256,0.00000122,0.005063441,Alexandria,0
503,1085,0,0,0,0,4380.3785,1071.149,0.000000371,0.003256387,Alexandria,0
504,30,66,75,141,18,25180.12083,426.806,0.00000073,0.004013935,"Sydney CBD",0.01
505,118,97,87,184,32,42135.20785,328.253,0.000000366,0.003050428,"Sydney CBD",0
506,563,121,53,174,21,6327.691349,260.849,0.000000274,0.002623993,"Darlinghurst and Surry Hill",0.03
507,60,204,109,313,11,25048.3984,455.969,0.000000605,0.00421576,"Sydney CBD",0.01
508,11,5294,572,5866,132,254388.7544,957.643,0.00000233,0.008865898,"Sydney CBD",0.02
509,1054,0,0,0,0,14064.66096,333.763,0.000000624,0.003229732,Alexandria,0
510,72,295,192,487,3,65426.75924,499.682,0.00000114,0.004756457,"Sydney CBD",0.01
511,1048,0,0,0,0,4931.782447,296.876,0.00000052,0.002965959,Alexandria,0
512,1017,3,0,3,2,4940.324995,487.499,0.000000757,0.00486687,Alexandria,0
513,1018,2,0,2,1,10657.8108,487.244,0.000000929,0.004780799,Alexandria,0
514,1019,10,0,10,1,10930.40657,533.801,0.000001,0.005309319,Alexandria,0
515,580,0,0,0,0,15548.52472,389.853,0.000000902,0.003892375,"Darlinghurst and Surry Hill",0
516,694,0,0,0,0,9000.934327,383.181,0.000000522,0.003611656,"Redfern, Erskineville and Macdonaldtown",0
517,731,0,0,0,0,10370.02386,435.524,0.00000103,0.00420853,"Redfern, Erskineville and Macdonaldtown",0
518,756,1,0,1,0,13766.83707,573.031,0.000000746,0.005982468,"Redfern, Erskineville and Macdonaldtown",0
519,755,0,0,0,0,8504.79435,563.494,0.000000672,0.005241018,"Redfern, Erskineville and Macdonaldtown",0
520,842,0,0,0,0,18931.17381,405.846,0.00000073,0.004148845,Glebe,0
521,944,0,0,0,0,7451.992819,363.946,0.000000746,0.003579912,Glebe,0
522,943,0,0,0,0,8329.000959,353.283,0.000000714,0.003452466,Glebe,0
523,934,0,0,0,0,7518.874943,345.647,0.000000667,0.003401737,Glebe,0
524,935,18,0,18,2,10724.98719,341.702,0.000000644,0.003359408,Glebe,0
525,933,0,0,0,0,9428.592717,433.507,0.000000925,0.004250054,Glebe,0
526,936,0,0,0,0,10657.72937,431.17,0.000000907,0.004210396,Glebe,0
527,558,483,4,487,1,34478.11442,320.312,0.000000583,0.003143166,"Darlinghurst and Surry Hill",0.01
528,584,0,0,0,0,9558.346448,368.162,0.000000756,0.003586143,"Darlinghurst and Surry Hill",0
529,342,0,0,0,0,7709.63241,272.748,0.000000434,0.002760961,"Pott Point",0
530,1113,3,7,10,3,42734.58317,587.377,0.00000163,0.005608576,Alexandria,0
531,680,1,2,3,1,724.349672,203.313,0.000000158,0.002003445,"Redfern, Erskineville and Macdonaldtown",0
532,681,0,0,0,0,7399.516152,356.37,0.000000618,0.003539455,"Redfern, Erskineville and Macdonaldtown",0
533,683,3,2,5,1,7029.028526,406.707,0.000000478,0.004263515,"Redfern, Erskineville and Macdonaldtown",0
534,682,0,2,2,1,11805.97755,455.909,0.000000992,0.004639078,"Redfern, Erskineville and Macdonaldtown",0
535,1217,11,36,47,4,34843.41916,358.089,0.00000077,0.003543365,Zetland,0
536,1013,31,19,50,9,12780.87785,606.533,0.00000145,0.005953958,Alexandria,0
537,1011,27,13,40,7,33950.14867,613.577,0.00000158,0.006018395,Alexandria,0
538,1012,6,5,11,2,14287.74253,616.607,0.00000158,0.00605227,Alexandria,0
539,16,653,160,813,30,19905.77364,589.954,0.00000139,0.005653551,"Sydney CBD",0.04
540,52,70,102,172,15,17113.28912,458.194,0.000000669,0.004254174,"Sydney CBD",0.01
541,53,2807,172,2979,114,178728.466,523.512,0.00000121,0.004943444,"Sydney CBD",0.02
542,565,647,118,765,62,26582.21091,272.202,0.00000039,0.002613667,"Darlinghurst and Surry Hill",0.03
543,609,15,11,26,2,8707.154201,241.32,0.000000172,0.002320124,"Redfern, Erskineville and Macdonaldtown",0
544,711,0,0,0,0,6125.140257,875.291,0.00000204,0.009140338,"Redfern, Erskineville and Macdonaldtown",0
545,710,11,3,14,1,4710.358956,287.502,0.000000372,0.002955782,"Redfern, Erskineville and Macdonaldtown",0
546,706,73,13,86,4,9805.767688,475.698,0.00000126,0.004599496,"Redfern, Erskineville and Macdonaldtown",0.01
547,709,0,0,0,0,2760.425422,252.79,0.00000037,0.002508279,"Redfern, Erskineville and Macdonaldtown",0
548,701,0,0,0,0,5375.113488,338.399,0.00000044,0.003212874,"Redfern, Erskineville and Macdonaldtown",0
549,702,0,0,0,0,5778.089298,288.906,0.000000496,0.002835129,"Redfern, Erskineville and Macdonaldtown",0
550,703,3,3,6,1,5722.709877,297.843,0.000000524,0.002921693,"Redfern, Erskineville and Macdonaldtown",0
551,704,0,0,0,0,4158.113318,340.249,0.000000398,0.003511449,"Redfern, Erskineville and Macdonaldtown",0
552,705,0,0,0,0,8560.659687,409.6,0.000000956,0.003957199,"Redfern, Erskineville and Macdonaldtown",0
553,707,19,0,19,2,15704.81102,471.522,0.00000124,0.00453364,"Redfern, Erskineville and Macdonaldtown",0
554,708,4,0,4,1,14376.45572,569.54,0.00000152,0.005871215,"Redfern, Erskineville and Macdonaldtown",0
555,22,299,116,415,6,55392.63556,301.901,0.000000448,0.002929247,"Sydney CBD",0.01
556,69,2392,310,2702,92,53743.7045,413.138,0.000000596,0.003364065,"Sydney CBD",0.05
557,104,273,82,355,3,66231.34054,1279.252,0.00000842,0.012451437,"Sydney CBD",0.01
558,110,236,209,445,5,28573.24501,1576.658,0.00000241,0.015608262,"Sydney CBD",0.02
559,525,117,19,136,28,10920.9207,320.571,0.000000533,0.003287134,"Darlinghurst and Surry Hill",0.01
560,559,0,0,0,0,0,189.862,0.000000195,0.001814007,"Darlinghurst and Surry Hill",0
561,610,392,136,528,11,18469.04352,383.223,0.00000029,0.003628718,"Redfern, Erskineville and Macdonaldtown",0.03
562,24,127,23,150,12,41364.47773,402.947,0.000000589,0.003834112,"Sydney CBD",0
563,15,226,164,390,46,18034.23016,388.982,0.000000824,0.00371585,"Sydney CBD",0.02
564,521,251,60,311,8,19058.91423,237.422,0.000000292,0.002404379,"Darlinghurst and Surry Hill",0.02
565,598,8,0,8,1,5766.368324,313.262,0.000000579,0.003060024,"Darlinghurst and Surry Hill",0
566,757,2,9,11,1,15084.63393,765.8,0.00000103,0.007173497,"Redfern, Erskineville and Macdonaldtown",0
567,57,1611,187,1798,46,80854.56625,336.31,0.000000501,0.003169528,"Sydney CBD",0.02
568,63,1637,276,1913,116,42543.76762,295.893,0.000000487,0.002852052,"Sydney CBD",0.04
569,116,1167,650,1817,175,213227.7646,583.157,0.00000165,0.005570854,"Sydney CBD",0.01
570,10,56,74,130,17,47631.07961,1202.968,0.00000611,0.01141051,"Sydney CBD",0
571,662,20,0,20,2,12136.17475,310.231,0.00000057,0.003080167,"Redfern, Erskineville and Macdonaldtown",0
572,523,2428,407,2835,36,72653.32547,484.862,0.00000129,0.004674544,"Darlinghurst and Surry Hill",0.04
573,587,47,46,93,22,14290.8729,697.877,0.00000125,0.007027371,"Darlinghurst and Surry Hill",0.01
574,101,33,20,53,1,5213.887822,789.457,0.00000398,0.007767232,"Sydney CBD",0.01
575,511,125,43,168,11,5332.41727,312.876,0.000000426,0.003201828,"Darlinghurst and Surry Hill",0.03
576,512,117,46,163,13,26799.87596,329.888,0.000000625,0.003356591,"Darlinghurst and Surry Hill",0.01
577,513,63,26,89,5,11881.57424,361.842,0.000000802,0.003639204,"Darlinghurst and Surry Hill",0.01
578,514,771,98,869,27,23326.37163,371.321,0.000000847,0.00373993,"Darlinghurst and Surry Hill",0.04
579,515,66,58,124,9,20602.86794,523.802,0.000000849,0.005202871,"Darlinghurst and Surry Hill",0.01
580,516,428,70,498,27,20318.7192,424.07,0.00000083,0.004128468,"Darlinghurst and Surry Hill",0.02
581,517,221,109,330,27,20657.00008,424.712,0.000000846,0.0041273,"Darlinghurst and Surry Hill",0.02
582,518,642,377,1019,66,29239.15344,434.508,0.000000872,0.004222485,"Darlinghurst and Surry Hill",0.03
583,67,5664,1144,6808,78,195693.9803,517.375,0.00000126,0.004454696,"Sydney CBD",0.03
584,658,4,6,10,1,5625.443611,234.092,0.000000329,0.002343169,"Redfern, Erskineville and Macdonaldtown",0
585,507,251,23,274,11,20501.65687,514.983,0.000000944,0.004874865,"Darlinghurst and Surry Hill",0.01
586,714,3,8,11,1,6036.665812,498.546,0.000000639,0.00460249,"Redfern, Erskineville and Macdonaldtown",0
587,715,6,20,26,4,9556.966649,477.702,0.00000106,0.004511261,"Redfern, Erskineville and Macdonaldtown",0
588,716,7,13,20,1,8788.921116,473.012,0.00000115,0.004699641,"Redfern, Erskineville and Macdonaldtown",0
589,712,0,1,1,1,3643.215711,338.388,0.000000409,0.003180622,"Redfern, Erskineville and Macdonaldtown",0
590,713,8,18,26,3,11374.40926,584.321,0.00000136,0.005455414,"Redfern, Erskineville and Macdonaldtown",0
591,590,29,20,49,10,125690.4782,858.423,0.00000466,0.008483608,"Darlinghurst and Surry Hill",0
592,657,204,47,251,23,19419.56187,352.519,0.000000746,0.003417884,"Redfern, Erskineville and Macdonaldtown",0.01
593,508,44,13,57,10,21206.21546,426.589,0.000000922,0.004033474,"Darlinghurst and Surry Hill",0
594,530,1074,217,1291,29,51911.71474,505.243,0.00000154,0.005027905,"Darlinghurst and Surry Hill",0.02
595,659,14,4,18,5,32122.52929,532.842,0.00000116,0.005027251,"Redfern, Erskineville and Macdonaldtown",0
596,660,142,4,146,8,10683.5769,350.534,0.000000592,0.003338519,"Redfern, Erskineville and Macdonaldtown",0.01
597,1060,55,128,183,17,93168.85315,618.483,0.00000154,0.006488763,Alexandria,0
598,555,156,81,237,17,22815.12166,364.682,0.000000769,0.003669305,"Darlinghurst and Surry Hill",0.01
599,1062,50,49,99,12,52669.67105,410.412,0.000000993,0.004044628,Alexandria,0
600,1063,8,22,30,4,32023.60599,451.808,0.00000125,0.004429666,Alexandria,0
601,556,606,164,770,4,18131.89205,422.274,0.000000769,0.004324326,"Darlinghurst and Surry Hill",0.04
602,661,23,9,32,14,20187.25149,381.244,0.000000795,0.003722145,"Redfern, Erskineville and Macdonaldtown",0
603,45,4129,799,4928,135,116208.4136,386.148,0.00000091,0.00388611,"Sydney CBD",0.04
604,557,14,2,16,4,3668.460732,274.308,0.000000377,0.002660703,"Darlinghurst and Surry Hill",0
605,566,63,33,96,13,4250.083104,241.356,0.000000266,0.002457618,"Darlinghurst and Surry Hill",0.02
606,637,8,2,10,2,22078.51573,438.044,0.00000106,0.004453207,"Redfern, Erskineville and Macdonaldtown",0
607,638,330,29,359,13,16455.31374,405.796,0.000000844,0.00416237,"Redfern, Erskineville and Macdonaldtown",0.02
608,526,83,59,142,19,12435.6035,410.902,0.00000103,0.004081299,"Darlinghurst and Surry Hill",0.01
609,1144,0,1,1,1,84.88885802,654.518,0.00000212,0.006284735,Alexandria,0.01
610,394,5,8,13,1,614.8352511,1532.524,0.0000129,0.015152691,"Moore Park",0.02
611,395,0,0,0,0,17267.37083,803.294,0.00000317,0.007871087,"Moore Park",0
612,396,0,0,0,0,10139.36848,507.742,0.00000154,0.005112168,"Moore Park",0
613,393,0,4,4,1,6070.444905,2043.05,0.0000226,0.020683779,"Moore Park",0
614,392,23,17,40,7,4941.639816,2799.239,0.0000425,0.027045917,"Moore Park",0.01
615,39,5629,382,6011,105,139777.1833,371.561,0.000000724,0.003523156,"Sydney CBD",0.04
616,136,168,250,418,34,33441.262,392.853,0.000000707,0.003723218,"Sydney CBD",0.01
617,133,85,26,111,2,12053.69648,394.185,0.000000258,0.002670244,"Sydney CBD",0.01
618,1208,14,1,15,3,32816.58869,332.633,0.00000049,0.003195185,Zetland,0
619,1209,17,2,19,5,34529.08676,355.692,0.000000661,0.003635919,Zetland,0
620,1374,123,252,375,43,126296.6978,1906.332911,0.00000209,0.00602921,"Sydney CBD",0
621,1121,325,101,426,8,42170.88421,662.917,0.00000217,0.006359468,Alexandria,0.01
622,1120,59,21,80,8,20687.18479,663.782,0.00000217,0.006358541,Alexandria,0
623,138,137,166,303,44,12845.20452,242.206,0.000000369,0.002372105,"Sydney CBD",0.02
624,567,315,52,367,41,27046.15276,368.518,0.000000779,0.003663787,"Darlinghurst and Surry Hill",0.01
625,576,4,7,11,3,7370.410854,218.316,0.000000251,0.002236447,"Darlinghurst and Surry Hill",0
626,639,205,57,262,20,18513.07459,403.434,0.000000843,0.004132386,"Redfern, Erskineville and Macdonaldtown",0.01
627,640,3,1,4,2,16919.15084,577.326,0.00000147,0.005467698,"Redfern, Erskineville and Macdonaldtown",0
628,1321,37,53,90,13,108273.9684,470.293,0.000000988,0.004652075,"Redfern, Erskineville and Macdonaldtown",0
629,1322,68,169,237,26,97457.71979,301.775,0.000000493,0.003076105,"Redfern, Erskineville and Macdonaldtown",0
630,1323,108,105,213,6,13757.56926,344.201,0.000000267,0.003193969,"Redfern, Erskineville and Macdonaldtown",0.02
631,1325,54,25,79,13,100874.47,595.344,0.000002,0.006046852,"Redfern, Erskineville and Macdonaldtown",0
632,1327,16,10,26,4,33474.2041,409.14,0.000000668,0.004100598,"Redfern, Erskineville and Macdonaldtown",0
633,577,173,84,257,4,13319.01382,321.394,0.000000629,0.003174549,"Darlinghurst and Surry Hill",0.02
634,641,40,8,48,8,22471.5174,579.948,0.00000145,0.005501461,"Redfern, Erskineville and Macdonaldtown",0
635,784,178,136,314,31,17957.24616,391.815,0.000000525,0.003740546,"Redfern, Erskineville and Macdonaldtown",0.02
636,785,159,32,191,5,13170.604,199.291,0.00000021,0.001963457,"Redfern, Erskineville and Macdonaldtown",0.01
637,1376,6,2,8,0,28961.71903,1906.332911,0.00000118,0.008634253,"Sydney CBD",0
638,554,58,18,76,7,6760.05542,275.677,0.00000046,0.002714598,"Darlinghurst and Surry Hill",0.01
639,140,1705,351,2056,77,127589.2723,513.645,0.00000112,0.00515825,"Sydney CBD",0.02
640,578,23,18,41,6,24324.09625,406.254,0.000000859,0.004149719,"Darlinghurst and Surry Hill",0
641,778,505,408,913,35,79202.936,2357.591,0.0000184,0.023193534,"Redfern, Erskineville and Macdonaldtown",0.01
642,642,102,15,117,9,15274.51446,405.582,0.000000839,0.004158621,"Redfern, Erskineville and Macdonaldtown",0.01
643,77,6238,2562,8800,331,263796.6858,596.866,0.00000196,0.005743859,"Sydney CBD",0.03
644,643,13,3,16,4,10232.89442,262.003,0.000000414,0.00263758,"Redfern, Erskineville and Macdonaldtown",0
645,509,116,42,158,27,8749.784231,386.59,0.00000071,0.003674491,"Darlinghurst and Surry Hill",0.02
646,156,1492,318,1810,22,70082.47021,324.781,0.000000577,0.003137229,"Sydney CBD",0.03
647,781,2469,29,2498,30,63856.76688,583.205,0.00000162,0.005674409,"Redfern, Erskineville and Macdonaldtown",0.04
648,510,69,48,117,15,19168.9815,494.548,0.00000142,0.004913782,"Darlinghurst and Surry Hill",0.01
649,158,1318,183,1501,4,34654.98228,253.07,0.000000269,0.002618439,"Sydney CBD",0.04
650,166,463,68,531,7,25336.09576,346.154,0.000000584,0.003085607,"Sydney CBD",0.02
651,168,310,202,512,2,47600.47143,880.235,0.00000239,0.00848564,"Sydney CBD",0.01
652,527,64,5,69,6,2879.305083,313.475,0.000000547,0.003028985,"Darlinghurst and Surry Hill",0.02
653,608,41,5,46,8,22885.14077,1348.023,0.00000811,0.013494897,"Redfern, Erskineville and Macdonaldtown",0
654,644,372,71,443,24,25191.93109,533.869,0.00000116,0.005030154,"Redfern, Erskineville and Macdonaldtown",0.02
655,645,48,7,55,6,31580.05124,492.253,0.000000951,0.004647859,"Redfern, Erskineville and Macdonaldtown",0
656,790,5,11,16,2,7422.124815,357.532,0.000000486,0.005056287,"Redfern, Erskineville and Macdonaldtown",0
657,179,1172,762,1934,12,70026.31624,667.901,0.00000272,0.006652126,"Sydney CBD",0.03
658,180,250,224,474,5,28497.39135,498.892,0.00000141,0.004881591,"Sydney CBD",0.02
659,528,165,47,212,23,11686.3116,480.183,0.000000886,0.004594698,"Darlinghurst and Surry Hill",0.02
660,147,1298,160,1458,22,39641.36355,334.756,0.00000061,0.003417136,"Sydney CBD",0.04
661,529,330,48,378,39,13326.36214,283.717,0.000000501,0.002815581,"Darlinghurst and Surry Hill",0.03
662,126,3743,2038,5781,227,386742.5442,552.111,0.00000188,0.005481631,"Sydney CBD",0.01
663,141,3,0,3,1,22502.43811,332.764,0.000000482,0.003136613,"Sydney CBD",0
664,157,15,0,15,1,678.3055104,645.886,0.00000244,0.006319608,"Sydney CBD",0.02
665,579,19,56,75,14,8088.783229,345.82,0.000000664,0.003522313,"Darlinghurst and Surry Hill",0.01
666,779,66,108,174,17,36370.43545,296.186,0.000000323,0.002862519,"Redfern, Erskineville and Macdonaldtown",0
667,1029,3,2,5,1,10544.37183,514.916,0.00000099,0.005321899,Alexandria,0
668,1034,21,0,21,2,13019.35706,539.142,0.00000124,0.005132276,Alexandria,0
669,165,1997,824,2821,16,139288.973,740.748,0.00000234,0.007134282,"Sydney CBD",0.02
670,163,1135,98,1233,22,67522.17399,304.25,0.000000546,0.00304641,"Sydney CBD",0.02
671,162,233,27,260,4,37407.92522,511.985,0.00000112,0.004899653,"Sydney CBD",0.01
672,1035,42,29,71,8,12021.9746,537.327,0.00000124,0.005109089,Alexandria,0.01
673,1036,3,8,11,2,11465.20737,538.314,0.00000122,0.00511625,Alexandria,0
674,596,167,51,218,28,26928.21581,689.942,0.00000283,0.006758312,"Darlinghurst and Surry Hill",0.01
675,597,0,0,0,0,1738.038242,534.394,0.00000137,0.005089505,"Darlinghurst and Surry Hill",0
676,1037,136,41,177,22,24476.62362,594.43,0.00000148,0.005695349,Alexandria,0.01
677,182,861,189,1050,10,79545.0682,384.909,0.000000901,0.00384293,"Sydney CBD",0.01
678,161,6124,523,6647,14,120727.3028,1906.332911,0.00000407,0.011975688,"Sydney CBD",0.06
679,1373,2735,247,2982,24,124026.273,456.9597,0.00000108,0.004454835,"Sydney CBD",0.02
680,1039,44,87,131,13,14548.31663,406.501,0.000000846,0.003917113,Alexandria,0.01
681,1040,24,30,54,2,18087.62118,497.839,0.00000153,0.004894607,Alexandria,0
682,137,513,284,797,108,35162.67872,323.61,0.000000563,0.00311429,"Sydney CBD",0.02
683,164,347,346,693,28,135353.8042,597.356,0.00000164,0.005785124,"Sydney CBD",0.01
684,797,84,4,88,4,16115.14216,348.507,0.000000618,0.00354022,"Redfern, Erskineville and Macdonaldtown",0.01
685,798,19,7,26,3,8238.442319,296.481,0.000000507,0.003004064,"Redfern, Erskineville and Macdonaldtown",0
686,1041,33,22,55,6,9390.017839,336.212,0.000000581,0.00328839,Alexandria,0.01
687,1042,0,0,0,0,8806.990058,446.806,0.00000122,0.004398305,Alexandria,0
688,181,2897,276,3173,9,156288.8874,669.855,0.0000027,0.006733878,"Sydney CBD",0.02
689,494,69,31,100,12,14382.00861,334.748,0.000000592,0.003193729,"Darlinghurst and Surry Hill",0.01
690,495,66,1,67,7,8983.832458,272.138,0.000000453,0.002681354,"Darlinghurst and Surry Hill",0.01
691,496,270,11,281,23,19039.85479,443.492,0.00000109,0.004512074,"Darlinghurst and Surry Hill",0.01
692,497,227,14,241,10,37116.33619,561.897,0.00000161,0.005787498,"Darlinghurst and Surry Hill",0.01
693,628,1813,152,1965,11,79942.03917,807.381,0.00000336,0.007728409,"Redfern, Erskineville and Macdonaldtown",0.02
694,632,11,4,15,2,18005.77676,621.478,0.00000148,0.005842826,"Redfern, Erskineville and Macdonaldtown",0
695,799,10,3,13,4,4619.093742,294.206,0.000000384,0.003024965,"Redfern, Erskineville and Macdonaldtown",0
696,818,3,2,5,1,3194.991329,265.488,0.000000284,0.002766338,Camperdown,0
697,493,75,19,94,22,15928.48343,425.794,0.00000107,0.00425971,"Darlinghurst and Surry Hill",0.01
698,633,5,3,8,1,9952.787775,391.176,0.000000919,0.003863416,"Redfern, Erskineville and Macdonaldtown",0
699,634,7,0,7,4,54057.28546,567.365,0.00000192,0.005615467,"Redfern, Erskineville and Macdonaldtown",0
700,1100,60,13,73,6,14728.55145,521.872,0.00000125,0.004946836,Alexandria,0
701,139,234,259,493,87,29841.2006,467.073,0.000000838,0.004377718,"Sydney CBD",0.02
702,1104,52,21,73,7,19542.4593,551.191,0.00000136,0.005239787,Alexandria,0
703,490,149,7,156,12,11752.07173,253.529,0.000000274,0.002397102,"Darlinghurst and Surry Hill",0.01
704,1109,78,0,78,2,12612.75941,369.836,0.000000465,0.003532345,Alexandria,0.01
705,1105,11,21,32,8,10823.78846,520.221,0.00000125,0.004944632,Alexandria,0
706,489,298,37,335,38,14289.78326,157.778,0.000000363,0.002745479,"Darlinghurst and Surry Hill",0.02
707,1107,0,1,1,1,15270.30844,501.904,0.0000012,0.004769336,Alexandria,0
708,656,0,1,1,1,506.840175,552.371,0.00000131,0.005239141,"Redfern, Erskineville and Macdonaldtown",0
709,1106,100,173,273,21,17944.05016,534.267,0.00000132,0.005092498,Alexandria,0.02
710,669,59,17,76,9,11370.36404,405.396,0.000000617,0.003895275,"Redfern, Erskineville and Macdonaldtown",0.01
711,667,32,16,48,8,14456.07958,506.815,0.000000917,0.005277462,"Redfern, Erskineville and Macdonaldtown",0
712,668,5,0,5,0,19935.43136,352.002,0.000000332,0.002994681,"Redfern, Erskineville and Macdonaldtown",0
713,672,6,12,18,2,4252.593004,386.511,0.000000474,0.00375961,"Redfern, Erskineville and Macdonaldtown",0
714,673,6,10,16,1,5965.314695,456.91,0.000000724,0.004527495,"Redfern, Erskineville and Macdonaldtown",0
715,670,185,33,218,12,5237.821228,328.035,0.000000369,0.003362044,"Redfern, Erskineville and Macdonaldtown",0.04
716,674,6,5,11,1,9589.866624,489.181,0.000000834,0.005168667,"Redfern, Erskineville and Macdonaldtown",0
717,666,13,6,19,1,3601.13663,242.465,0.000000217,0.002546728,"Redfern, Erskineville and Macdonaldtown",0.01
718,671,5,3,8,1,14831.28456,363.018,0.00000066,0.003539255,"Redfern, Erskineville and Macdonaldtown",0
719,64,1206,159,1365,32,41562.25556,285.765,0.000000452,0.0029133,"Sydney CBD",0.03
720,498,119,29,148,19,17396.33374,538.072,0.00000162,0.005195749,"Darlinghurst and Surry Hill",0.01
721,1099,17,3,20,2,6963.503108,491.271,0.00000124,0.004791331,Alexandria,0
722,1101,143,34,177,24,22553.97232,573.316,0.00000143,0.00546056,Alexandria,0.01
723,1102,319,141,460,44,30928.23551,640.088,0.00000204,0.006255781,Alexandria,0.01
724,1164,28,7,35,3,12168.67481,500.844,0.00000116,0.005182759,Alexandria,0
725,531,69,17,86,13,8653.206474,367.874,0.00000081,0.003687621,"Darlinghurst and Surry Hill",0.01
726,718,49,77,126,17,24811.61132,708.276,0.00000263,0.007239119,"Redfern, Erskineville and Macdonaldtown",0.01
727,1096,326,298,624,19,37859.26226,911.179,0.00000479,0.00892785,Alexandria,0.02
728,35,2221,394,2615,70,107800.1877,401.654,0.000000964,0.004024129,"Sydney CBD",0.02
729,719,29,35,64,5,7634.503779,343.837,0.00000067,0.003345801,"Redfern, Erskineville and Macdonaldtown",0.01
730,1255,32,6,38,2,8591.918981,1071.149,0.00000191,0.006201018,Zetland,0
731,1098,71,7,78,9,35166.62126,901.253,0.00000358,0.008804889,Alexandria,0
732,720,4,5,9,2,1877.303409,234.913,0.000000346,0.002310875,"Redfern, Erskineville and Macdonaldtown",0
733,1089,64,80,144,17,64194.89572,642.514,0.00000195,0.006058876,Alexandria,0
734,675,29,17,46,3,13832.51064,542.432,0.00000118,0.00529942,"Redfern, Erskineville and Macdonaldtown",0
735,676,0,0,0,0,8416.465404,424.682,0.000000854,0.004117048,"Redfern, Erskineville and Macdonaldtown",0
736,677,0,0,0,0,3570.664757,261.299,0.000000295,0.002527278,"Redfern, Erskineville and Macdonaldtown",0
737,678,9,2,11,2,5435.513205,302.494,0.000000488,0.003109425,"Redfern, Erskineville and Macdonaldtown",0
738,679,41,48,89,7,10385.59094,495.994,0.000000699,0.004622922,"Redfern, Erskineville and Macdonaldtown",0.01
739,26,5809,219,6028,69,133254.2126,390.573,0.000000752,0.003796973,"Sydney CBD",0.05
740,532,160,51,211,12,8384.476407,292.905,0.000000491,0.002901298,"Darlinghurst and Surry Hill",0.03
741,646,25,5,30,6,12655.23097,883.57,0.00000289,0.008672275,"Redfern, Erskineville and Macdonaldtown",0
742,1097,582,225,807,16,58226.82213,1229.063,0.00000751,0.012223326,Alexandria,0.01
743,747,27,40,67,10,12333.25587,564.609,0.00000114,0.00581541,"Redfern, Erskineville and Macdonaldtown",0.01
744,748,21,20,41,10,13635.58252,401.123,0.000000819,0.004081535,"Redfern, Erskineville and Macdonaldtown",0
745,665,69,12,81,15,60866.80804,2051.057,0.0000108,0.021403461,"Redfern, Erskineville and Macdonaldtown",0
746,684,47,26,73,17,13814.81275,471.664,0.00000108,0.004832541,"Redfern, Erskineville and Macdonaldtown",0.01
747,499,447,159,606,51,26623.96208,457.568,0.00000125,0.004467232,"Darlinghurst and Surry Hill",0.02
748,685,36,11,47,1,4922.997111,288.664,0.000000313,0.002987396,"Redfern, Erskineville and Macdonaldtown",0.01
749,686,26,2,28,9,13653.38918,538.8,0.00000131,0.005533198,"Redfern, Erskineville and Macdonaldtown",0
750,1090,1073,284,1357,99,122522.4428,1504.459,0.0000129,0.015139385,Alexandria,0.01
751,1110,329,87,416,22,27220.73652,705.017,0.00000285,0.006980152,Alexandria,0.02
752,1111,71,54,125,10,30413.08791,554.555,0.00000155,0.005304406,Alexandria,0
753,869,0,0,0,0,28574.29799,1010.59,0.00000395,0.010502799,Camperdown,0
754,868,69,35,104,6,41350.7494,3887.3,0.0000227,0.039841796,Camperdown,0
755,730,63,47,110,12,6476.55011,344.559,0.000000686,0.003349255,"Redfern, Erskineville and Macdonaldtown",0.02
756,43,4182,340,4522,207,140264.304,494.203,0.0000011,0.00491522,"Sydney CBD",0.03
757,370,441,84,525,8,48912.62259,1601.099,0.0000135,0.016036782,"Moore Park",0.01
758,534,63,22,85,6,13755.55883,517.388,0.00000109,0.004910269,"Darlinghurst and Surry Hill",0.01
759,732,16,10,26,5,8979.476585,613.571,0.000000641,0.005687206,"Redfern, Erskineville and Macdonaldtown",0
760,1094,394,245,639,24,77515.14881,1430.866,0.00000934,0.014029381,Alexandria,0.01
761,1103,57,67,124,10,8925.86366,529.083,0.000000908,0.005025399,Alexandria,0.01
762,1108,43,33,76,6,15402.69505,491.586,0.00000128,0.004754198,Alexandria,0
763,1112,74,32,106,9,23990.81748,550.367,0.00000151,0.005239424,Alexandria,0
764,1114,44,9,53,4,41159.91561,598.417,0.00000174,0.005727203,Alexandria,0
765,1014,9,3,12,4,18698.42563,662.946,0.00000161,0.006491329,Alexandria,0
766,1115,5,0,5,1,5946.978421,592.119,0.000000708,0.004828813,Alexandria,0
767,1015,7,2,9,1,21208.48895,677.048,0.00000177,0.006646336,Alexandria,0
768,483,302,162,464,12,9929.686707,213.081,0.000000167,0.001982194,"Darlinghurst and Surry Hill",0.05
769,739,27,48,75,14,4465.374846,299.618,0.000000358,0.00285763,"Redfern, Erskineville and Macdonaldtown",0.02
770,1116,89,51,140,16,12688.99063,590.914,0.00000145,0.005860878,Alexandria,0.01
771,740,47,73,120,13,14696.81452,453.204,0.000000756,0.00429878,"Redfern, Erskineville and Macdonaldtown",0.01
772,1016,52,129,181,8,24072.50061,732.958,0.00000245,0.007271209,Alexandria,0.01
773,70,1296,368,1664,104,54530.90367,408.743,0.000000476,0.003174439,"Sydney CBD",0.03
774,537,177,36,213,8,13563.91935,468.044,0.00000111,0.004742965,"Darlinghurst and Surry Hill",0.02
775,549,7,7,14,3,4224.126287,292.451,0.000000398,0.003038861,"Darlinghurst and Surry Hill",0
776,741,12,27,39,7,10104.96976,327.794,0.000000608,0.003245771,"Redfern, Erskineville and Macdonaldtown",0
777,863,10289,633,10922,113,303926.7774,1800.827,0.0000136,0.018023723,Camperdown,0.04
778,1030,153,42,195,32,82788.09995,1216.281,0.00000689,0.012240148,Alexandria,0
779,1031,8,10,18,4,19370.19628,397.103,0.000000869,0.003841815,Alexandria,0
780,1043,157,218,375,22,31187.81807,560.489,0.0000019,0.005590537,Alexandria,0.01
781,1044,10,10,20,3,62333.76561,561.373,0.00000171,0.005361632,Alexandria,0
782,1045,18,4,22,1,629.2465252,661.573,0.00000202,0.006333087,Alexandria,0.03
783,1046,43,7,50,2,59781.92474,1082.645,0.00000584,0.010843737,Alexandria,0
784,1049,15,3,18,4,19138.55229,716.177,0.00000163,0.007241485,Alexandria,0
785,1050,15,13,28,6,18504.0546,623.419,0.00000172,0.005898124,Alexandria,0
786,1079,1,0,1,0,34762.97308,467.948,0.00000106,0.004386236,Alexandria,0
787,484,733,20,753,38,19187.81228,310.454,0.000000454,0.003060624,"Darlinghurst and Surry Hill",0.04
788,538,5,2,7,2,9872.386143,502.863,0.000000884,0.005120996,"Darlinghurst and Surry Hill",0
789,700,41,38,79,13,5966.225297,207.194,0.000000199,0.002098188,"Redfern, Erskineville and Macdonaldtown",0.01
790,12,431,247,678,26,18994.96309,1101.478,0.00000265,0.010642245,"Sydney CBD",0.04
791,61,4000,344,4344,100,165687.0161,546.248,0.00000143,0.005187205,"Sydney CBD",0.03
792,1032,25,10,35,6,13936.77404,411.597,0.000000916,0.004002728,Alexandria,0
793,1033,0,0,0,0,209.8757222,834.387,0.00000399,0.008434343,Alexandria,0
794,1038,89,14,103,16,23541.0354,785.057,0.00000217,0.007650213,Alexandria,0
795,1051,2,8,10,1,17792.11322,605.929,0.0000015,0.005714965,Alexandria,0
796,485,210,23,233,25,8062.940421,244.54,0.000000329,0.002436218,"Darlinghurst and Surry Hill",0.03
797,1052,20,10,30,5,13006.99967,413.413,0.000000915,0.004223724,Alexandria,0
798,1149,174,96,270,26,39030.59432,976.468,0.00000247,0.010009123,Alexandria,0.01
799,486,27,8,35,1,3293.54426,142.258,0.000000101,0.001437487,"Darlinghurst and Surry Hill",0.01
800,540,53,1,54,1,11884.20859,593.463,0.00000203,0.005988643,"Darlinghurst and Surry Hill",0
801,1053,7,4,11,3,7406.227372,322.413,0.000000569,0.003108914,Alexandria,0
802,48,4046,357,4403,93,87352.37307,520.142,0.000000714,0.004857895,"Sydney CBD",0.05
803,83,9075,842,9917,45,192514.077,833.238,0.0000042,0.008822001,"Sydney CBD",0.05
804,465,942,233,1175,39,69826.58455,473.912,0.000000847,0.004650497,"Darlinghurst and Surry Hill",0.02
805,468,95,138,233,29,65795.25767,375.516,0.000000815,0.003632148,"Darlinghurst and Surry Hill",0
806,54,7136,1578,8714,423,227000.1901,590.414,0.00000199,0.005705303,"Sydney CBD",0.04
807,541,27,12,39,1,5303.376574,447.587,0.0000007,0.00468909,"Darlinghurst and Surry Hill",0.01
808,542,10,8,18,3,13103.34709,478.794,0.000000946,0.004999339,"Darlinghurst and Surry Hill",0
809,543,12,1,13,6,11470.57743,486.069,0.000000966,0.00505922,"Darlinghurst and Surry Hill",0
810,687,25,6,31,2,9193.060767,560.236,0.000000742,0.005847494,"Redfern, Erskineville and Macdonaldtown",0
811,689,0,1,1,1,21457.68729,597.713,0.00000157,0.005669456,"Redfern, Erskineville and Macdonaldtown",0
812,690,26,20,46,10,11316.8385,551.117,0.00000102,0.00520138,"Redfern, Erskineville and Macdonaldtown",0
813,691,54,27,81,15,41387.92141,815.663,0.0000026,0.008017146,"Redfern, Erskineville and Macdonaldtown",0
814,692,0,3,3,2,7529.989813,330.139,0.000000639,0.003223997,"Redfern, Erskineville and Macdonaldtown",0
815,693,0,0,0,0,2835.700294,471.074,0.000000781,0.004811084,"Redfern, Erskineville and Macdonaldtown",0
816,695,58,18,76,20,18600.74775,357.277,0.000000677,0.003602321,"Redfern, Erskineville and Macdonaldtown",0
817,696,0,0,0,0,10022.6503,463.824,0.00000105,0.004447739,"Redfern, Erskineville and Macdonaldtown",0
818,697,91,35,126,22,15164.61418,576.66,0.00000125,0.005448038,"Redfern, Erskineville and Macdonaldtown",0.01
819,717,242,178,420,43,17625.09467,424.571,0.000000801,0.004437937,"Redfern, Erskineville and Macdonaldtown",0.02
820,721,314,124,438,40,32750.67371,1081.131,0.00000473,0.010429869,"Redfern, Erskineville and Macdonaldtown",0.01
821,727,24,34,58,6,8001.188857,708.715,0.000000845,0.006662545,"Redfern, Erskineville and Macdonaldtown",0.01
822,728,6,10,16,3,15296.45312,710.69,0.00000186,0.006662724,"Redfern, Erskineville and Macdonaldtown",0
823,729,102,19,121,11,10098.43025,598.58,0.000000518,0.005524297,"Redfern, Erskineville and Macdonaldtown",0.01
824,1055,20,2,22,6,59095.94681,499.698,0.00000148,0.004893881,Alexandria,0
825,1056,31,6,37,5,20782.05998,440.074,0.000000769,0.004318516,Alexandria,0
826,1057,208,96,304,28,22629.13228,793.205,0.00000213,0.007421101,Alexandria,0.01
827,1058,43,46,89,4,9061.921934,315.084,0.000000595,0.003083486,Alexandria,0.01
828,1059,490,176,666,40,58286.11195,761.707,0.00000259,0.007899178,Alexandria,0.01
829,1061,167,33,200,19,35051.41157,1036.777,0.00000537,0.010205568,Alexandria,0.01
830,1064,46,59,105,10,130504.4126,824.715,0.00000304,0.007981377,Alexandria,0
831,1065,155,87,242,22,83427.21485,634.389,0.00000222,0.006443156,Alexandria,0
832,1066,16,18,34,7,9698.892484,314.051,0.000000485,0.003180334,Alexandria,0
833,1150,43,30,73,12,47135.15066,935.271,0.00000333,0.009055864,Alexandria,0
834,1151,67,58,125,20,29614.61306,611.332,0.00000192,0.005838759,Alexandria,0
835,1152,412,215,627,69,97179.65839,1651.279,0.0000116,0.016156803,Alexandria,0.01
836,1153,650,244,894,101,91978.48394,1391.026,0.00000984,0.013782178,Alexandria,0.01
837,1154,333,172,505,70,99417.69306,1465.305,0.00000781,0.014146573,Alexandria,0.01
838,698,31,63,94,19,17421.72427,502.89,0.00000125,0.004785432,"Redfern, Erskineville and Macdonaldtown",0.01
839,993,2,6,8,1,6118.38288,1592.834,0.00000963,0.015673965,Glebe,0
840,994,0,0,0,0,0,1082.95,0.00000471,0.009990168,Glebe,0
841,995,21,15,36,3,6073.075664,962.232,0.00000186,0.009037053,Glebe,0.01
842,105,11,4,15,3,5356.048476,1147.618,0.0000085,0.011119511,"Sydney CBD",0
843,111,907,281,1188,36,99736.06387,3014.914,0.00000466,0.029111072,"Sydney CBD",0.01
844,471,86,228,314,46,34314.59403,522.374,0.00000143,0.005157915,"Darlinghurst and Surry Hill",0.01
845,544,21,23,44,6,20215.02222,594.585,0.00000139,0.005615546,"Darlinghurst and Surry Hill",0
846,1067,22,7,29,5,18793.60033,1104.14,0.00000201,0.006202393,Alexandria,0
847,1069,56,34,90,15,7302.860146,510.342,0.00000107,0.005162911,Alexandria,0.01
848,106,78,45,123,3,25522.11582,490.9,0.00000156,0.004864626,"Sydney CBD",0
849,108,26,17,43,2,16748.03366,808.771,0.00000317,0.007964247,"Sydney CBD",0
850,76,3216,953,4169,191,94603.87989,530.023,0.00000113,0.005012083,"Sydney CBD",0.04
851,699,169,146,315,49,22041.76076,640.489,0.00000167,0.006475429,"Redfern, Erskineville and Macdonaldtown",0.01
852,109,38,38,76,3,7366.474649,1098.95,0.00000747,0.010678542,"Sydney CBD",0.01
853,828,21,7,28,6,18311.4086,356.156,0.000000576,0.003409231,Camperdown,0
854,1155,1337,436,1773,146,266641.4263,2046.577,0.0000236,0.020012366,Alexandria,0.01
855,1070,220,26,246,8,44051.8107,517.798,0.00000129,0.00537051,Alexandria,0.01
856,1071,1,4,5,1,2422.73109,219.524,0.000000268,0.002214829,Alexandria,0
857,849,54,84,138,16,5441.529907,274.159,0.000000414,0.002642285,Camperdown,0.03
858,850,27,27,54,11,2083.437674,187.235,0.000000197,0.001829316,Camperdown,0.03
859,1072,108,4,112,3,16122.67948,409.687,0.000000804,0.00400376,Alexandria,0.01
860,1075,8,5,13,4,45442.51839,357.324,0.000000685,0.003434187,Alexandria,0
861,931,12,1,13,1,4306.650972,333.601,0.000000597,0.003276346,Glebe,0
862,454,481,145,626,80,55221.50805,425.794,0.000000944,0.004703146,"Darlinghurst and Surry Hill",0.01
863,857,29,39,68,13,5617.525032,254.684,0.000000369,0.002464194,Camperdown,0.01
864,1076,381,259,640,58,141281.9434,645.309,0.00000228,0.006130125,Alexandria,0
865,1077,70,13,83,5,36725.91758,432.869,0.000000964,0.004175819,Alexandria,0
866,858,38,65,103,21,8623.956732,396.214,0.000000864,0.003786589,Camperdown,0.01
867,859,2,2,4,1,7132.97487,374.158,0.000000587,0.00357142,Camperdown,0
868,113,6548,1208,7756,94,241838.8539,1137.345,0.00000488,0.010902753,"Sydney CBD",0.03
869,860,92,48,140,25,19351.28507,581.32,0.00000135,0.006028234,Camperdown,0.01
870,932,67,0,67,4,10519.96151,418.219,0.000000765,0.004128112,Glebe,0.01
871,1078,341,5,346,20,93153.84888,1748.955,0.0000153,0.017667602,Alexandria,0
872,861,43,28,71,15,5166.136221,297.44,0.0000005,0.002978623,Camperdown,0.01
873,1087,115,92,207,10,25887.65159,609.908,0.00000181,0.005922493,Alexandria,0.01
874,545,188,78,266,53,28257.57517,672.168,0.0000017,0.006307236,"Darlinghurst and Surry Hill",0.01
875,829,21,27,48,14,31344.99299,694.722,0.0000019,0.007129112,Camperdown,0
876,1156,848,207,1055,146,165044.5161,1525.682,0.0000126,0.014998705,Alexandria,0.01
877,1088,143,145,288,27,62073.587,836.402,0.00000356,0.008050451,Alexandria,0
878,55,5690,1128,6818,397,220418.1911,546.693,0.00000176,0.005307553,"Sydney CBD",0.03
879,18,344,129,473,31,22270.5597,513.872,0.00000086,0.004925263,"Sydney CBD",0.02
880,1158,317,1,318,15,39237.71331,3798.182,0.00000662,0.021288336,Alexandria,0.01
881,826,187,132,319,7,15524.48376,396.807,0.000000797,0.003990725,Camperdown,0.02
882,546,156,17,173,12,15938.3151,497.9,0.00000138,0.004955673,"Darlinghurst and Surry Hill",0.01
883,455,169,12,181,13,16840.6249,324.317,0.000000631,0.003169704,"Darlinghurst and Surry Hill",0.01
884,547,31,7,38,5,14643.47624,424.482,0.000000725,0.004332631,"Darlinghurst and Surry Hill",0
885,1117,91,49,140,16,44528.51192,601.807,0.00000224,0.005989698,Alexandria,0
886,548,18,15,33,3,8585.790649,410.216,0.000000617,0.00415571,"Darlinghurst and Surry Hill",0
887,1159,613,157,770,46,86665.5329,2102.538,0.000012,0.020274252,Alexandria,0.01
888,1160,3,1,4,1,37218.48165,558.82,0.00000137,0.005771843,Alexandria,0
889,827,260,75,335,10,44052.83385,835.938,0.00000284,0.008705985,Camperdown,0.01
890,1161,27,3,30,6,40050.90115,2763.344,0.0000424,0.026684176,Alexandria,0
891,1118,599,111,710,41,35438.83185,456.425,0.00000118,0.004423838,Alexandria,0.02
892,966,0,0,0,0,10134.47683,206.962,0.00000225,0.009224304,Glebe,0
893,787,173,23,196,18,13698.00779,389.345,0.000000621,0.004057541,"Redfern, Erskineville and Macdonaldtown",0.01
894,457,429,120,549,42,35658.06811,436.011,0.000001,0.004183418,"Darlinghurst and Surry Hill",0.02
895,788,378,31,409,33,18208.47965,397.734,0.000000834,0.004085757,"Redfern, Erskineville and Macdonaldtown",0.02
896,458,512,108,620,23,23574.47342,428.938,0.000000994,0.004104762,"Darlinghurst and Surry Hill",0.03
897,789,180,26,206,19,11952.74547,376.188,0.000000814,0.003646289,"Redfern, Erskineville and Macdonaldtown",0.02
898,791,63,20,83,10,15089.91485,346.013,0.000000625,0.003315597,"Redfern, Erskineville and Macdonaldtown",0.01
899,964,0,0,0,0,15669.24891,501.146,0.00000124,0.005094036,Glebe,0
900,963,0,0,0,0,4519.777161,374.137,0.000000489,0.003844255,Glebe,0
901,962,0,0,0,0,27327.43282,668.504,0.00000238,0.007180216,Glebe,0
902,967,7,5,12,4,31016.75876,814.312,0.00000349,0.008188872,Glebe,0
903,1122,149,48,197,8,104858.9856,1150.446,0.00000729,0.011090904,Alexandria,0
904,792,34,28,62,9,4347.790932,232.84,0.000000333,0.002325487,"Redfern, Erskineville and Macdonaldtown",0.01
905,955,0,0,0,0,13908.1185,562.031,0.00000148,0.00585965,Glebe,0
906,954,0,0,0,0,8105.126176,470.808,0.00000135,0.00476454,Glebe,0
907,961,2,18,20,1,6975.941244,320.099,0.000000477,0.003226202,Glebe,0
908,965,26,6,32,5,3626.68824,206.962,0.00000022,0.002040544,Glebe,0.01
909,29,3727,471,4198,187,169387.4103,590.487,0.00000196,0.005711113,"Sydney CBD",0.02
910,1123,181,58,239,8,65195.93663,1156.559,0.00000436,0.010997594,Alexandria,0
911,1157,593,324,917,74,153883.7007,3952.758,0.0000221,0.025386838,Alexandria,0.01
912,1139,77,88,165,30,14891.02423,522.497,0.00000145,0.005028914,Alexandria,0.01
913,169,105,85,190,8,44727.12155,458.78,0.00000114,0.004491627,"Sydney CBD",0
914,550,46,67,113,13,8284.315547,423.942,0.00000108,0.004184312,"Darlinghurst and Surry Hill",0.01
915,460,7,3,10,4,31676.73827,372.589,0.000000632,0.003847482,"Darlinghurst and Surry Hill",0
916,461,22,14,36,2,10254.42554,222.285,0.000000291,0.002243813,"Darlinghurst and Surry Hill",0
917,25,671,222,893,13,58481.7702,357.816,0.000000548,0.003438802,"Sydney CBD",0.02
918,27,746,296,1042,48,66251.62697,479.968,0.000000976,0.004530315,"Sydney CBD",0.02
919,170,40,15,55,2,69196.34066,465.756,0.00000116,0.004511863,"Sydney CBD",0
920,352,26,20,46,6,16767.1029,247.56,0.00000025,0.002420223,"Pott Point",0
921,464,387,81,468,17,63754.79488,321.484,0.000000654,0.003150746,"Darlinghurst and Surry Hill",0.01
922,830,829,143,972,13,170036.4693,1134.028,0.00000782,0.011319782,Camperdown,0.01
923,831,2,1,3,1,15479.82875,406.346,0.000000813,0.00390573,Camperdown,0
924,1140,262,48,310,42,37675.15776,672.46,0.00000281,0.006659434,Alexandria,0.01
925,953,31,16,47,5,15051.97019,619.371,0.00000191,0.006247294,Glebe,0
926,960,0,0,0,0,30846.29235,672.139,0.00000246,0.006749532,Glebe,0
927,78,7391,1849,9240,300,248264.3592,561.258,0.00000178,0.005426521,"Sydney CBD",0.04
928,171,19,11,30,5,7903.729254,363.394,0.000000517,0.003491271,"Sydney CBD",0
929,172,53,30,83,12,15553.88457,481.444,0.00000127,0.004691164,"Sydney CBD",0.01
930,353,19,6,25,8,2678.49383,172.641,0.000000145,0.001786221,"Pott Point",0.01
931,357,580,84,664,32,40580.32302,253.853,0.000000386,0.002488925,"Pott Point",0.02
932,551,44,50,94,11,5500.416721,302.766,0.000000336,0.002879521,"Darlinghurst and Surry Hill",0.02
933,552,11,0,11,2,4383.364899,345.041,0.000000644,0.003389958,"Darlinghurst and Surry Hill",0
934,585,4,5,9,2,5440.110749,313.679,0.000000569,0.003148018,"Darlinghurst and Surry Hill",0
935,832,166,106,272,6,28126.77913,456.768,0.000000947,0.004374532,Camperdown,0.01
936,833,121,49,170,8,21788.83046,601.258,0.0000014,0.00625204,Camperdown,0.01
937,834,11,16,27,6,27285.47034,555.14,0.00000108,0.005790428,Camperdown,0
938,1141,255,58,313,27,52843.3993,875.883,0.00000409,0.008672744,Alexandria,0.01
939,1142,0,0,0,0,32598.03541,651.462,0.00000196,0.006207067,Alexandria,0
940,1143,397,100,497,55,29921.97265,636.85,0.00000182,0.006054444,Alexandria,0.02
941,1303,0,0,0,0,0,689.902,0.00000563,0.010270364,"Redfern, Erskineville and Macdonaldtown",0
942,1302,2391,636,3027,15,116744.4811,715.336,0.00000304,0.007292571,"Redfern, Erskineville and Macdonaldtown",0.03
943,1301,18068,2216,20284,153,438193.105,897.486,0.00000435,0.009306166,"Redfern, Erskineville and Macdonaldtown",0.05
944,338,400,99,499,5,32476.94845,574.81,0.00000177,0.005529122,"Pott Point",0.02
945,835,97,38,135,11,18020.18357,492.081,0.00000093,0.005119889,Camperdown,0.01
946,1148,155,44,199,23,20113.63046,819.912,0.00000381,0.008162322,Alexandria,0.01
947,836,44,10,54,2,19168.78562,458.085,0.000000848,0.004761275,Camperdown,0
948,1213,77,27,104,3,123097.6403,1073.154,0.00000626,0.010717657,Zetland,0
949,1304,44,10,54,2,22694.66318,2328.383,0.00000604,0.013556288,"Redfern, Erskineville and Macdonaldtown",0
950,837,9,4,13,1,27761.36565,393.814,0.000000614,0.004081324,Camperdown,0
951,1231,38,29,67,9,53930.62494,917.626,0.00000148,0.007806464,Zetland,0
952,1232,0,0,0,0,0,263.009,0.000000391,0.002559127,Zetland,0
953,838,18,18,36,7,14098.26421,406.818,0.000000811,0.003918075,Camperdown,0
954,196,666,213,879,37,66879.52567,504.482,0.00000143,0.004939269,"Sydney CBD",0.01
955,339,664,139,803,48,49478.2507,554.655,0.00000161,0.005324469,"Pott Point",0.02
956,51,2269,302,2571,130,81645.86689,404.092,0.000000752,0.00382422,"Sydney CBD",0.03
957,1235,9,12,21,4,4237.98551,219.943,0.000000286,0.002285493,Zetland,0
958,306,14,1,15,6,46729.46483,521.062,0.00000129,0.005003144,"Pott Point",0
959,839,213,40,253,30,21799.64718,398.004,0.000000766,0.00378851,Glebe,0.01
960,1236,2,0,2,1,1580.922822,230.663,0.000000189,0.001764443,Zetland,0
961,1237,5,9,14,4,24274.07416,221.308,0.0000017,0.005301275,Zetland,0
962,340,16,10,26,6,10606.06965,456.423,0.00000119,0.004434,"Pott Point",0
963,1239,14,23,37,6,19399.16213,330.037,0.000000324,0.003133364,Zetland,0
964,840,16,27,43,7,16021.92723,361.553,0.000000495,0.003766226,Glebe,0
965,184,583,118,701,42,74584.99347,508.991,0.00000154,0.004981475,"Sydney CBD",0.01
966,343,39,52,91,6,6994.205076,305.954,0.000000512,0.003059836,"Pott Point",0.01
967,1240,27,10,37,6,43346.71368,545.447,0.00000147,0.005105496,Zetland,0
968,344,3,8,11,1,4604.116635,225.815,0.0000002,0.002134963,"Pott Point",0
969,1241,29,51,80,13,44111.69894,514.951,0.00000144,0.00527733,Zetland,0
970,841,8,11,19,6,10102.42876,402.039,0.000000772,0.004140104,Glebe,0
971,1256,3,2,5,2,11968.20973,630.18,0.00000183,0.006096217,Zetland,0
972,1242,27,15,42,7,80707.26748,711.601,0.00000207,0.006147727,Zetland,0
973,843,47,16,63,7,15052.48252,436.212,0.000000507,0.004063322,Glebe,0
974,586,106,74,180,26,19731.13457,458.034,0.00000106,0.004358034,"Darlinghurst and Surry Hill",0.01
975,59,1501,318,1819,15,150415.1652,1269.058,0.00000481,0.012098384,"Sydney CBD",0.01
976,125,2358,926,3284,55,111639.6146,531.122,0.000000925,0.00495654,"Sydney CBD",0.03
977,974,14,21,35,4,12996.36061,450.216,0.00000116,0.004514498,Glebe,0
978,973,16,13,29,4,9558.060172,446.274,0.00000115,0.004468805,Glebe,0
979,844,199,80,279,10,108894.6837,934.493,0.00000429,0.009270739,Glebe,0
980,845,16,5,21,8,138913.3671,1193.309,0.00000564,0.012074483,Glebe,0
981,219,517,149,666,70,27208.728,591.31,0.00000133,0.005879483,"Sydney CBD",0.02
982,315,145,212,357,34,126362.358,957.45,0.00000396,0.009328567,"Pott Point",0
983,793,18,18,36,7,4617.858987,244.774,0.000000356,0.002482139,"Redfern, Erskineville and Macdonaldtown",0.01
984,959,20,24,44,6,31322.43909,772.207,0.00000302,0.00768013,Glebe,0
985,102,12,2,14,2,596.4107211,1165.432,0.00000765,0.011503498,"Sydney CBD",0.02
986,226,1479,109,1588,25,234487.7087,1137.226,0.00000665,0.010755611,"Sydney CBD",0.01
987,228,10,4,14,4,98132.70282,670.604,0.00000222,0.006505604,"Sydney CBD",0
988,794,71,22,93,7,11261.13638,283.394,0.000000463,0.002877413,"Redfern, Erskineville and Macdonaldtown",0.01
989,956,0,0,0,0,26813.176,783.957,0.00000291,0.007741873,Glebe,0
990,957,0,0,0,0,15106.1849,624.97,0.00000204,0.006210179,Glebe,0
991,958,148,34,182,48,24854.41693,652.138,0.0000026,0.006491456,Glebe,0.01
992,62,2810,192,3002,113,111855.0671,500.698,0.000000894,0.004675684,"Sydney CBD",0.03
993,231,35,18,53,8,32173.95055,525.425,0.00000127,0.005028428,"Sydney CBD",0
994,361,1387,309,1696,51,62797.79901,2390.534,0.0000129,0.023723541,"Moore Park",0.03
995,795,45,4,49,3,7587.254388,268.3,0.000000323,0.002780191,"Redfern, Erskineville and Macdonaldtown",0.01
996,796,10,12,22,3,8763.772261,293.649,0.000000393,0.00304023,"Redfern, Erskineville and Macdonaldtown",0
997,444,71,14,85,8,22222.68013,353.401,0.000000547,0.003475322,"Darlinghurst and Surry Hill",0
998,800,146,23,169,15,18131.0864,338.394,0.000000653,0.003428004,Camperdown,0.01
999,317,44,30,74,18,7689.328791,160.267,0.000000149,0.001554341,"Pott Point",0.01
1000,391,165,117,282,2,26765.48081,2155.983,0.0000169,0.02025334,"Moore Park",0.01
