blocknum,total_space_2007,total_space_2012,total_space_2017,total_space_2022,floorspace_growth_2007_2022_pct,suburb
1,26763.2990077,26762.3196802,26894.51858407,26985.17752,0.8%,"Sydney CBD"
2,17021.6482408,17094.4694112,15642.81519541,15385.33125,-9.6%,"Sydney CBD"
4,14216.6460054,14193.4787939,14087.10546427,14195.81618,-0.1%,"Sydney CBD"
5,61379.2330191,72098.8327102,72385.35198327,68535.65043,11.7%,"Sydney CBD"
6,9016.0235422,9329.10137931,10332.95756407,8948.286753,-0.8%,"Sydney CBD"
7,7521.5709979,7521.5709979,7224.09204416,6043.565046,-19.7%,"Sydney CBD"
8,4304.27708042,4304.27706719,4242.99562524,5235.57482,21.6%,"Sydney CBD"
9,27217.5600449,26429.4024949,26707.18038261,26092.48196,-4.1%,"Sydney CBD"
10,52110.1848034,52109.811389,52682.14443673,47631.07961,-8.6%,"Sydney CBD"
11,271099.970515,270554.651312,272419.72172617,254388.7544,-6.2%,"Sydney CBD"
12,20750.8518363,20179.46266,20495.08708627,18994.96309,-8.5%,"Sydney CBD"
13,4694.21810505,4694.22910747,4713.30800953,4713.30801,0.4%,"Sydney CBD"
14,10332.3688083,9715.17914937,10076.2204878,9299.266483,-10%,"Sydney CBD"
15,18482.7857248,18938.2599026,17914.27640392,18034.23016,-2.4%,"Sydney CBD"
16,32619.0972967,32627.9623568,32904.4815294,19905.77364,-39%,"Sydney CBD"
17,6706.60492539,13654.5417595,13737.78531482,11432.42355,70.5%,"Sydney CBD"
18,35047.069762,35059.1077605,35215.22716457,22270.5597,-36.5%,"Sydney CBD"
19,19122.9822279,19096.4684215,19016.01535852,18704.89033,-2.2%,"Sydney CBD"
20,26540.7448271,30080.989383,29682.99491102,24914.10604,-6.1%,"Sydney CBD"
21,125112.589696,125449.472849,128436.10630629,104981.8734,-16.1%,"Sydney CBD"
22,61762.7031262,61762.3661383,61959.26284652,55392.63556,-10.3%,"Sydney CBD"
23,72351.2981295,72317.7654968,72412.33473002,68273.06356,-5.6%,"Sydney CBD"
24,6839.91557853,44009.2790184,44225.15544864,41364.47773,504.8%,"Sydney CBD"
25,62764.1122055,63017.5202358,62870.59915636,58481.7702,-6.8%,"Sydney CBD"
26,136534.777096,138165.639962,142977.86470761,133254.2126,-2.4%,"Sydney CBD"
27,71023.4149075,70430.7605114,71674.83820417,66251.62697,-6.7%,"Sydney CBD"
28,235497.720416,234548.026499,229854.61317224,115547.0545,-50.9%,"Sydney CBD"
29,190094.271439,189958.777757,187515.60699594,169387.4103,-10.9%,"Sydney CBD"
30,53628.3903382,53077.7465275,52699.02477993,25180.12083,-53%,"Sydney CBD"
31,123867.963087,127617.408938,131444.70891202,161952.7915,30.7%,"Sydney CBD"
32,72825.8974801,72614.8841566,73316.39624803,68078.75221,-6.5%,"Sydney CBD"
33,25213.1651175,26250.5918489,25599.01127804,23459.28691,-7%,"Sydney CBD"
34,146575.41982,146854.767818,146654.08408457,134876.403,-8%,"Sydney CBD"
35,117926.478029,116012.798025,117294.54331855,107800.1877,-8.6%,"Sydney CBD"
36,50510.8776161,50320.1457264,50844.16784554,45896.73043,-9.1%,"Sydney CBD"
37,13588.588715,13588.588715,15507.86618185,27293.83774,100.9%,"Sydney CBD"
38,16930.0807856,17003.3491003,16970.1716795,0,-100%,"Sydney CBD"
39,151445.192788,152122.289645,157096.7496209,139777.1833,-7.7%,"Sydney CBD"
40,194133.797428,194707.573528,194993.29784612,180932.829,-6.8%,"Sydney CBD"
41,140821.150116,141771.712457,142587.95249623,131638.4974,-6.5%,"Sydney CBD"
42,106480.658682,105650.738122,99016.08354391,97169.36226,-8.7%,"Sydney CBD"
43,148792.176146,140426.877299,147987.84488355,140264.304,-5.7%,"Sydney CBD"
44,130931.647431,131790.796068,132561.21942226,122392.2127,-6.5%,"Sydney CBD"
45,122528.806556,122410.489789,116668.91724092,116208.4136,-5.2%,"Sydney CBD"
46,143545.81024,143882.289532,143927.7258025,132218.936,-7.9%,"Sydney CBD"
47,45360.6398554,45768.2625248,46291.92825241,42871.4326,-5.5%,"Sydney CBD"
48,93804.3224402,94104.3437039,93941.56039251,87352.37307,-6.9%,"Sydney CBD"
49,133879.340994,140387.753283,143041.56727126,133869.6626,-0%,"Sydney CBD"
50,82645.9520203,82710.9154078,83119.29425282,79134.54139,-4.2%,"Sydney CBD"
51,85548.5165476,86850.2274803,81419.80257255,81645.86689,-4.6%,"Sydney CBD"
52,23469.7498719,23469.7893308,23327.20647563,17113.28912,-27.1%,"Sydney CBD"
53,145318.253131,140236.510059,110929.64278746,178728.466,23%,"Sydney CBD"
54,230615.703781,252693.069856,249026.20929208,227000.1901,-1.6%,"Sydney CBD"
55,238547.048551,238642.079207,240182.24726928,220418.1911,-7.6%,"Sydney CBD"
56,76792.3286896,76960.5741825,40829.15436006,29279.56221,-61.9%,"Sydney CBD"
57,57724.5885935,57855.606953,87098.69652484,80854.56625,40.1%,"Sydney CBD"
58,137405.12471,133748.835913,95739.49331164,136238.6299,-0.8%,"Sydney CBD"
59,149974.440461,148739.473263,149191.14398122,150415.1652,0.3%,"Sydney CBD"
60,10535.1072959,12081.8031755,18357.54400631,25048.3984,137.8%,"Sydney CBD"
61,179135.449862,179712.824367,177748.86130044,165687.0161,-7.5%,"Sydney CBD"
62,100950.601443,102011.094854,57714.3086844,111855.0671,10.8%,"Sydney CBD"
63,41655.869904,42038.641954,46063.36150308,42543.76762,2.1%,"Sydney CBD"
64,46974.9353426,45411.5086495,45190.54357295,41562.25556,-11.5%,"Sydney CBD"
65,33585.312974,28331.4007136,34346.57306394,31981.03764,-4.8%,"Sydney CBD"
66,102940.417661,103764.242107,102160.43072027,94160.78472,-8.5%,"Sydney CBD"
67,213325.578361,202733.196371,206017.86303401,195693.9803,-8.3%,"Sydney CBD"
68,159858.508044,156671.130301,182663.27083756,168554.6394,5.4%,"Sydney CBD"
69,89584.2919608,89374.596315,87203.08433223,53743.7045,-40%,"Sydney CBD"
70,69672.9785492,69717.5433473,70373.44385673,54530.90367,-21.7%,"Sydney CBD"
71,134862.407257,134992.678207,134365.63943163,123977.7123,-8.1%,"Sydney CBD"
72,40428.229038,40792.7453194,69384.88025214,65426.75924,61.8%,"Sydney CBD"
73,224877.602161,223326.215187,227248.80232236,220503.2752,-1.9%,"Sydney CBD"
74,69192.8474591,69178.1878466,69293.10257057,59096.27119,-14.6%,"Sydney CBD"
75,138640.213704,122545.295559,138337.21672077,130065.2692,-6.2%,"Sydney CBD"
76,94043.8613954,119715.665167,102171.60446395,94603.87989,0.6%,"Sydney CBD"
77,233333.313222,286599.241278,286225.78571178,263796.6858,13.1%,"Sydney CBD"
78,199612.157009,258808.838301,269321.35932299,248264.3592,24.4%,"Sydney CBD"
79,57433.4930255,67318.6042395,66264.14616765,61441.75332,7%,"Sydney CBD"
80,94355.9024459,83013.7810236,92923.77778767,84928.0075,-10%,"Sydney CBD"
81,8468.97974775,8468.97974775,8449.69478342,7954.079106,-6.1%,"Sydney CBD"
82,18398.800708,18076.9043271,17742.58312986,16848.26435,-8.4%,"Sydney CBD"
83,203794.248193,203080.199807,203196.13745428,192514.077,-5.5%,"Sydney CBD"
85,147471.531272,147234.905979,130862.47000074,154776.0054,5%,"Sydney CBD"
86,67317.7232256,69965.9723562,70896.64268825,66402.14029,-1.4%,"Sydney CBD"
87,87364.4846887,87928.5831205,88095.78220511,81268.60534,-7%,"Sydney CBD"
88,61817.2393005,65041.9865181,60952.22131313,57253.40305,-7.4%,"Sydney CBD"
89,299852.301021,300208.341941,311129.64830437,283867.4535,-5.3%,"Sydney CBD"
90,213074.905939,208524.699008,262508.29884252,216282.6688,1.5%,"Sydney CBD"
91,164136.791768,159535.622528,162778.32007298,151967.3926,-7.4%,"Sydney CBD"
93,28323.9673586,28479.494526,30458.67730152,28422.93553,0.3%,"Sydney CBD"
94,65739.4416872,68075.7780312,68533.04396987,76603.3796,16.5%,"Sydney CBD"
95,109464.356973,111102.956255,112589.45814603,101616.5123,-7.2%,"Sydney CBD"
96,129656.56172,131083.683796,129788.52341484,119661.7876,-7.7%,"Sydney CBD"
97,121991.906742,122147.133358,122505.31387824,132723.4522,8.8%,"Sydney CBD"
98,94800.7072661,94483.9370819,97313.06939291,88094.04183,-7.1%,"Sydney CBD"
100,30934.0252831,30934.7455286,30340.78234478,29012.12483,-6.2%,"Sydney CBD"
101,5213.88782191,5213.88782191,5213.88782191,5213.887822,0%,"Sydney CBD"
102,800.81989961,881.19931005,881.21211485,596.4107211,-25.5%,"Sydney CBD"
103,25177.7882244,27555.1419394,27075.33478508,47809.05186,89.9%,"Sydney CBD"
104,68024.7807564,69717.9926342,68333.68844863,66231.34054,-2.6%,"Sydney CBD"
105,9192.54464423,7290.18484346,7272.09513779,5356.048476,-41.7%,"Sydney CBD"
106,24514.1617917,26275.5812277,26259.18744137,25522.11582,4.1%,"Sydney CBD"
108,17885.0794713,16574.9593573,16923.66672004,16748.03366,-6.4%,"Sydney CBD"
109,6408.75146278,6447.54341094,6447.54345314,7366.474649,14.9%,"Sydney CBD"
110,27852.3953515,27919.0896701,27962.57936922,28573.24501,2.6%,"Sydney CBD"
111,102318.506756,109511.965932,104043.08756269,99736.06387,-2.5%,"Sydney CBD"
113,175214.885183,250604.324514,250997.82918633,241838.8539,38%,"Sydney CBD"
114,101111.171556,101036.262789,112881.6768971,108170.3312,7%,"Sydney CBD"
115,163394.692226,160643.859425,163560.57905104,154943.4537,-5.2%,"Sydney CBD"
116,226055.238634,224508.815053,230002.43081471,213227.7646,-5.7%,"Sydney CBD"
118,46155.9667997,44259.4035686,44050.56343141,42135.20785,-8.7%,"Sydney CBD"
119,53951.116747,54324.9892722,54184.32322702,51525.45981,-4.5%,"Sydney CBD"
120,128112.748046,127990.678273,127462.99009259,120877.635,-5.6%,"Sydney CBD"
121,112048.917214,113603.772977,86953.77802534,143067.8585,27.7%,"Sydney CBD"
122,53575.3941136,53680.6164741,53896.99045722,51496.71354,-3.9%,"Sydney CBD"
123,31382.5124925,31256.5614841,31624.99617409,30088.36718,-4.1%,"Sydney CBD"
124,175676.233709,176673.301556,176784.26453113,155007.1662,-11.8%,"Sydney CBD"
125,118524.48325,118779.212079,119185.24363898,111639.6146,-5.8%,"Sydney CBD"
126,410402.032099,410007.808953,408100.13821736,386742.5442,-5.8%,"Sydney CBD"
127,139095.327133,142060.650642,141058.10038687,130777.803,-6%,"Sydney CBD"
128,61910.9182053,62800.4758118,61697.0918299,57655.40154,-6.9%,"Sydney CBD"
129,62230.6214672,93075.5379402,94747.78428598,97006.76872,55.9%,"Sydney CBD"
130,149251.188447,149493.563563,157205.80325993,146229.7752,-2%,"Sydney CBD"
131,59643.7324222,59644.0151507,62381.51059085,59829.09246,0.3%,"Sydney CBD"
132,36001.7793453,36235.5790754,36132.40590428,41007.30926,13.9%,"Sydney CBD"
133,12586.9936576,12783.6627231,12737.7863113,12053.69648,-4.2%,"Sydney CBD"
135,7186.66782061,7193.27557776,7920.41737744,6635.087308,-7.7%,"Sydney CBD"
136,29479.4733725,28961.8021533,35115.16028684,33441.262,13.4%,"Sydney CBD"
137,24381.360051,37152.6011604,37144.28157121,35162.67872,44.2%,"Sydney CBD"
138,13089.4245485,13070.7509204,13208.46159977,12845.20452,-1.9%,"Sydney CBD"
139,32077.8901897,32136.6544053,32336.78013785,29841.2006,-7%,"Sydney CBD"
140,86312.5363473,86743.4538935,138812.01449651,127589.2723,47.8%,"Sydney CBD"
141,23193.9795242,23193.9795066,23193.97950663,22502.43811,-3%,"Sydney CBD"
142,8059.19804303,29643.795193,29643.79498041,27302.03296,238.8%,"Sydney CBD"
144,36218.2231064,38624.4880132,36338.70428257,35182.81761,-2.9%,"Sydney CBD"
145,217343.097578,226097.61717,215408.94017735,200739.3062,-7.6%,"Sydney CBD"
147,38860.9979739,38829.8304939,40749.12079742,39641.36355,2%,"Sydney CBD"
148,140250.435703,157159.274626,141855.65906197,132218.3521,-5.7%,"Sydney CBD"
149,11106.6994405,11621.0707743,11495.67496508,10978.30275,-1.2%,"Sydney CBD"
150,5500.62666128,5500.62632887,5500.62390722,5233.856962,-4.8%,"Sydney CBD"
151,15665.2275044,16014.2836597,15523.35025875,14820.41565,-5.4%,"Sydney CBD"
152,16249.1261417,16198.3880355,16202.00776011,15016.55988,-7.6%,"Sydney CBD"
153,62383.1506812,68290.3813312,61194.44265666,58149.10565,-6.8%,"Sydney CBD"
154,11267.2460216,11267.2433912,11249.69724161,10895.67186,-3.3%,"Sydney CBD"
155,35077.4954091,35077.4958705,25873.31657887,24645.63448,-29.7%,"Sydney CBD"
156,74905.7658795,74773.2644878,74906.85778669,70082.47021,-6.4%,"Sydney CBD"
157,897.01648699,1040.96604076,678.30551039,678.3055104,-24.4%,"Sydney CBD"
158,37380.6729467,37481.3324501,37262.64314356,34654.98228,-7.3%,"Sydney CBD"
159,20729.174244,22490.6248466,22705.92622895,18647.71872,-10%,"Sydney CBD"
161,93788.2141718,209920.876534,127063.28904889,120727.3028,28.7%,"Sydney CBD"
162,27322.2540411,27321.4328914,32910.7706802,37407.92522,36.9%,"Sydney CBD"
163,7638.69828375,8094.95627861,70785.49174522,67522.17399,783.9%,"Sydney CBD"
164,138859.360775,133625.948844,142623.11425586,135353.8042,-2.5%,"Sydney CBD"
165,100053.050779,120730.915786,146828.46460996,139288.973,39.2%,"Sydney CBD"
166,13105.542224,9705.1506713,26986.35075577,25336.09576,93.3%,"Sydney CBD"
167,21057.3926672,21505.3294808,21524.37177308,20623.9738,-2.1%,"Sydney CBD"
168,39363.3956438,39168.4622654,48260.01922972,47600.47143,20.9%,"Sydney CBD"
169,50752.4355404,48830.3974815,46853.89516663,44727.12155,-11.9%,"Sydney CBD"
170,41277.9398103,41277.9398104,49950.13081289,69196.34066,67.6%,"Sydney CBD"
171,8289.08037897,8290.88870737,7825.49772888,7903.729254,-4.6%,"Sydney CBD"
172,27241.5543796,27240.8861116,16448.20667519,15553.88457,-42.9%,"Sydney CBD"
173,25708.8676866,25708.8676866,25513.7579954,24619.17993,-4.2%,"Sydney CBD"
174,45394.3735288,45422.2881826,48336.29629445,46601.35022,2.7%,"Sydney CBD"
175,88800.9630198,88818.6827592,88990.45989094,85998.83421,-3.2%,"Sydney CBD"
176,16655.9801074,16699.2008747,21281.3564785,20439.13701,22.7%,"Sydney CBD"
177,24841.5703748,25340.0362795,24826.37831512,23499.66829,-5.4%,"Sydney CBD"
178,26072.9736495,26371.1083298,26433.45841855,25037.50822,-4%,"Sydney CBD"
179,73818.5895279,75065.8991982,75268.23785447,70026.31624,-5.1%,"Sydney CBD"
180,32459.0695601,31815.0158808,30424.67676487,28497.39135,-12.2%,"Sydney CBD"
181,108207.166913,117985.58575,103374.96505571,156288.8874,44.4%,"Sydney CBD"
182,40704.033168,43162.2009092,84881.32505117,79545.0682,95.4%,"Sydney CBD"
183,87047.7014874,130955.17525,142916.49643565,136432.9978,56.7%,"Sydney CBD"
184,67739.8076976,80417.6005534,78692.75437983,74584.99347,10.1%,"Sydney CBD"
185,32491.4151676,32867.0140166,33095.72758392,31585.63067,-2.8%,"Sydney CBD"
186,16393.9926332,16765.8235467,18791.06932752,15785.90168,-3.7%,"Sydney CBD"
187,13179.025331,13179.0243287,12074.80509254,11631.95688,-11.7%,"Sydney CBD"
188,21376.4310121,20879.9476756,20014.16071838,18866.96162,-11.7%,"Sydney CBD"
189,23140.9844674,23140.9844674,19443.25031203,19818.93487,-14.4%,"Sydney CBD"
190,4271.41629127,2470.42187944,2470.42187944,0,-100%,"Sydney CBD"
191,104991.347647,106164.817738,106423.24214026,103118.5236,-1.8%,"Sydney CBD"
192,22018.9158605,60355.419078,60356.95702601,69571.90305,216%,"Sydney CBD"
193,26294.8799299,26294.8803063,26294.87953651,25086.3569,-4.6%,"Sydney CBD"
194,6916.46185468,6916.46185468,6916.46185468,7137.888225,3.2%,"Sydney CBD"
195,12098.8876056,11968.4427903,11801.99474891,11520.62414,-4.8%,"Sydney CBD"
196,69799.1910798,69884.1005355,68191.23047531,66879.52567,-4.2%,"Sydney CBD"
198,3478.0077275,4264.34221825,27527.58250317,26459.23858,660.8%,"Sydney CBD"
199,8975.04264715,8975.04264715,8975.04983549,8186.457054,-8.8%,"Sydney CBD"
200,10484.7946613,10080.3567051,6751.61003415,18572.49233,77.1%,"Sydney CBD"
201,35351.5531179,35545.1385375,35545.15073605,34442.74255,-2.6%,"Sydney CBD"
203,58671.5083137,58577.6026972,58733.38298363,56073.20949,-4.4%,"Sydney CBD"
204,71008.9943075,71060.3044545,71176.53470695,68185.8405,-4%,"Sydney CBD"
205,15479.4026506,15909.1268087,15486.32990799,14779.61015,-4.5%,"Sydney CBD"
206,113138.344946,113041.409531,112095.20030725,109553.625,-3.2%,"Sydney CBD"
207,75301.6701565,75797.6961987,74315.93877835,70463.56574,-6.4%,"Sydney CBD"
208,6007.28722643,6007.28682974,6572.35138006,6310.692942,5.1%,"Sydney CBD"
209,54359.8645462,54303.1552932,54752.50029123,53330.11142,-1.9%,"Sydney CBD"
210,43461.6595211,43388.1254199,40873.30845099,38701.49474,-11%,"Sydney CBD"
211,31182.7603479,31182.7603095,31182.76039147,29639.75465,-4.9%,"Sydney CBD"
212,83474.2536701,83534.9747224,83216.14217599,77710.14121,-6.9%,"Sydney CBD"
213,6485.86028757,4990.33858567,5034.51921383,5178.324192,-20.2%,"Sydney CBD"
214,10393.1473639,10727.3810161,10727.37959299,10228.78255,-1.6%,"Sydney CBD"
215,230452.430514,273753.803611,318741.76882701,300186.3946,30.3%,"Sydney CBD"
216,63933.7558323,64372.3666523,64295.19897151,69247.43455,8.3%,"Sydney CBD"
217,18168.6064809,18675.8840183,18742.26568585,18634.03265,2.6%,"Sydney CBD"
218,13576.1050354,13555.7704569,13362.98600213,13226.28531,-2.6%,"Sydney CBD"
219,14961.3611894,28313.5200226,28300.59613019,27208.728,81.9%,"Sydney CBD"
220,8090.96781689,8485.90684689,8603.02096155,8216.67341,1.6%,"Sydney CBD"
223,22696.0121879,22653.551595,24690.45361052,24866.71913,9.6%,"Sydney CBD"
225,12911.6779919,11049.7883304,12915.42898558,11630.41113,-9.9%,"Sydney CBD"
226,190206.416,211298.872608,265518.11832186,234487.7087,23.3%,"Sydney CBD"
227,8442.06590241,8442.06590241,8442.06590241,7745.093773,-8.3%,"Sydney CBD"
228,102617.884184,102494.374934,102534.60336269,98132.70282,-4.4%,"Sydney CBD"
229,16525.683978,15072.1062795,14950.02213444,23351.67934,41.3%,"Sydney CBD"
230,33189.9833338,33153.7568963,33008.09453056,62630.79776,88.7%,"Sydney CBD"
231,15942.8243287,34511.9872697,34468.67374851,32173.95055,101.8%,"Sydney CBD"
232,54788.4151216,52334.9517968,55101.55453368,53381.45629,-2.6%,"Sydney CBD"
233,57685.6169428,46985.4542405,39032.53424077,37612.84572,-34.8%,"Sydney CBD"
234,89595.1650754,120761.901448,118444.52453209,116272.2011,29.8%,"Sydney CBD"
235,12565.6531325,12565.6534618,12565.65359379,12565.6534,0%,"Sydney CBD"
236,40477.0930598,40477.0930598,40477.09305984,39410.45381,-2.6%,"Sydney CBD"
237,43736.6867733,43663.7727199,41894.95637965,40082.5952,-8.4%,"Sydney CBD"
238,89428.8881932,101647.41779,101634.90432208,95014.99588,6.2%,"Sydney CBD"
239,20057.401903,56082.636987,52228.54344401,48685.22934,142.7%,"Sydney CBD"
240,0,54.50151137,58.35298446,35.72968962,0%,"Sydney CBD"
241,110257.566069,87614.5738984,40791.82182488,38792.41371,-64.8%,"Sydney CBD"
300,81333.8272186,81274.880615,82063.64793216,78567.35565,-3.4%,"Pott Point"
301,99395.9937714,100146.095402,104393.84235887,103759.2192,4.4%,"Pott Point"
302,52727.9245571,52695.5627793,52695.88807617,48038.16868,-8.9%,"Pott Point"
303,31586.2622716,31387.1587913,31400.66444365,30609.83494,-3.1%,"Pott Point"
304,51874.89882,51263.2599177,51553.02730411,50864.75149,-1.9%,"Pott Point"
305,94923.6225405,95607.2200752,99513.06790182,95833.7351,1%,"Pott Point"
306,46825.8036504,50433.3345582,47780.22861861,46729.46483,-0.2%,"Pott Point"
307,90791.6683601,96172.3970042,100605.18104471,100253.6059,10.4%,"Pott Point"
308,112739.630471,96185.7980926,98364.54585497,94148.40833,-16.5%,"Pott Point"
309,24164.0352148,24164.0352148,24567.43059546,24567.4306,1.7%,"Pott Point"
310,18868.5335768,18868.5335768,20620.55052042,19835.46411,5.1%,"Pott Point"
311,7530.79725296,7530.79725296,7534.49518076,7534.495181,0%,"Pott Point"
312,40452.2499799,40452.2499806,40452.24998054,39540.12053,-2.3%,"Pott Point"
313,31371.7309238,31371.7309238,31371.7309238,31371.73092,-0%,"Pott Point"
314,20791.2785518,20791.3922767,21213.05119328,21049.89008,1.2%,"Pott Point"
315,131917.779754,131899.188811,132076.24536888,126362.358,-4.2%,"Pott Point"
316,18025.2745998,18025.498843,18011.82623663,17637.21088,-2.2%,"Pott Point"
317,7761.92874034,7761.9105334,7767.75147361,7689.328791,-0.9%,"Pott Point"
318,14968.0827852,16128.9517099,18152.63595203,17554.25519,17.3%,"Pott Point"
319,4430.15385712,4405.70302688,4538.95748192,4596.024889,3.7%,"Pott Point"
320,38967.2112434,39366.3042491,39345.54450531,37755.49543,-3.1%,"Pott Point"
321,9074.22676099,18438.237459,15661.43414913,14613.9708,61%,"Pott Point"
322,21397.8338861,20986.2608468,21001.92407858,20011.74792,-6.5%,"Pott Point"
323,21254.9758296,21254.974063,21600.67867353,21446.73615,0.9%,"Pott Point"
324,36156.4344387,35927.911283,36810.95034368,38899.8004,7.6%,"Pott Point"
325,76093.8789822,76095.9980321,75968.08575766,75287.1336,-1.1%,"Pott Point"
326,43667.7332071,44334.3905882,44889.51799631,43709.41526,0.1%,"Pott Point"
327,10119.4743796,10416.3619403,10324.80297513,9396.359421,-7.1%,"Pott Point"
328,6693.1427855,6693.1427855,6693.1427855,6693.142786,0%,"Pott Point"
329,14909.5328395,16196.3307109,16899.11611153,18367.48599,23.2%,"Pott Point"
330,11296.067687,11209.4600879,10940.12612286,11068.44028,-2%,"Pott Point"
331,9291.2619093,7473.90568094,7465.5113635,9240.575592,-0.5%,"Pott Point"
332,25074.4568708,25074.4568708,25403.33903333,25156.04955,0.3%,"Pott Point"
333,11317.3624827,11317.3624827,11317.36247744,10702.62243,-5.4%,"Pott Point"
334,7333.28264318,7333.28264318,7333.28264318,7333.282643,-0%,"Pott Point"
335,5308.02201444,5236.81459224,7496.34590504,7406.693001,39.5%,"Pott Point"
336,7687.40023821,7687.34733147,7567.30537572,6960.180629,-9.5%,"Pott Point"
337,27600.9492177,26540.9436545,26713.78446942,26619.34125,-3.6%,"Pott Point"
338,31215.0593561,32987.9135565,33281.3561118,32476.94845,4%,"Pott Point"
339,46407.5875746,46499.1390055,49979.50435196,49478.2507,6.6%,"Pott Point"
340,10055.2322928,10154.5223161,10193.67851255,10606.06965,5.5%,"Pott Point"
341,6369.50979378,6369.50979378,6369.50979378,6369.509794,0%,"Pott Point"
342,7765.65396935,7677.4032092,7677.4032092,7709.63241,-0.7%,"Pott Point"
343,6654.22264041,6661.48972011,6621.21206266,6994.205076,5.1%,"Pott Point"
344,4640.36357604,4640.36313568,4640.36313576,4604.116635,-0.8%,"Pott Point"
345,810.17919097,1127.9738488,1740.58643844,3084.092058,280.7%,"Pott Point"
346,4179.94673806,3850.31273951,6226.86126089,4193.601329,0.3%,"Pott Point"
347,1555.89288151,1455.7952412,1554.52386687,1797.144483,15.5%,"Pott Point"
348,2936.39005674,2936.38758291,2984.00531573,2982.591136,1.6%,"Pott Point"
349,12864.8920235,13682.0081917,12418.15811316,11953.40509,-7.1%,"Pott Point"
350,75585.3568353,73404.1047846,73998.22502126,70153.04882,-7.2%,"Pott Point"
351,26639.9882334,26364.2026991,26372.32919623,25905.36877,-2.8%,"Pott Point"
352,2247.75886471,2224.7930441,17596.98763623,16767.1029,645.9%,"Pott Point"
353,3148.64351745,3170.27902258,3170.27890799,2678.49383,-14.9%,"Pott Point"
354,47665.5148585,48061.6571491,48927.21912198,45859.13703,-3.8%,"Pott Point"
355,7676.98743079,7263.97123694,7176.64072158,7117.327692,-7.3%,"Pott Point"
356,27779.2489647,27826.5879755,27837.51024032,26691.46086,-3.9%,"Pott Point"
357,40647.1980283,40693.7685551,43289.1715849,40580.32302,-0.2%,"Pott Point"
360,80815.6257449,86496.3997652,97812.46063249,118787.8247,47%,"Moore Park"
361,62305.9726938,63456.2527614,64160.37644009,62797.79901,0.8%,"Moore Park"
362,129831.687997,141995.999599,142101.99929919,149519.7796,15.2%,"Moore Park"
363,2766.29209646,7491.50923134,7491.5180391,7491.518039,170.8%,"Moore Park"
370,61704.4393248,51820.0400502,50606.52511418,48912.62259,-20.7%,"Moore Park"
371,18667.4094058,19719.7557875,21512.80334888,19320.80321,3.5%,"Moore Park"
372,4365.3587432,4365.35870592,4365.35860592,4365.358613,-0%,"Moore Park"
373,25290.6624918,25233.0852301,25832.71898796,30925.31916,22.3%,"Moore Park"
374,2865.75479363,2865.75479363,2865.75479363,2879.937452,0.5%,"Moore Park"
375,5498.85922191,5486.71547223,5436.26578369,5388.598109,-2%,"Moore Park"
376,8102.09039729,8102.09039729,8147.6096909,8201.59311,1.2%,"Moore Park"
377,6454.78694126,6454.78694126,6454.78694126,6571.445797,1.8%,"Moore Park"
378,3151.83435489,3151.83435489,3151.83435489,3151.834355,0%,"Moore Park"
379,19782.0469766,19782.0469766,19913.31059502,19868.2252,0.4%,"Moore Park"
380,4068.01318452,4068.01318452,4068.01318452,4068.013184,-0%,"Moore Park"
381,16693.9983941,16580.2745762,16580.27437317,16507.67225,-1.1%,"Moore Park"
382,22425.451241,22425.4514466,22425.45131203,22300.19008,-0.6%,"Moore Park"
383,14502.7750495,14665.9562189,15928.03069287,15699.10822,8.2%,"Moore Park"
384,4341.59391815,4328.38680583,4352.22736619,4322.217376,-0.4%,"Moore Park"
385,30548.1392224,30548.1392224,31173.5648943,32007.24264,4.8%,"Moore Park"
386,20346.707555,20346.707555,20917.65907593,21195.48743,4.2%,"Moore Park"
387,21736.6290982,21736.6290982,21736.62909818,22654.45547,4.2%,"Moore Park"
388,46900.8699141,46900.8699141,46900.86991407,47275.89227,0.8%,"Moore Park"
389,34803.3582658,34803.3582658,34803.44260767,34297.57724,-1.5%,"Moore Park"
390,1336.16752939,1336.16752942,1336.16752942,1336.167529,-0%,"Moore Park"
391,25041.4458295,25297.4703306,25571.95609531,26765.48081,6.9%,"Moore Park"
392,4966.2732068,4994.94855056,5194.53475506,4941.639816,-0.5%,"Moore Park"
393,4835.77268405,4835.77274693,4835.79542142,6070.444905,25.5%,"Moore Park"
394,538.66498549,538.66498549,614.81450456,614.8352511,14.1%,"Moore Park"
395,17010.7890351,17010.7890351,17087.70635174,17267.37083,1.5%,"Moore Park"
396,10139.3684843,10139.3684843,10139.36848426,10139.36848,-0%,"Moore Park"
398,68142.0275438,73765.6486213,73593.08064297,71390.92908,4.8%,"Moore Park"
399,4661.67396487,4661.67396487,4700.82618274,4772.137959,2.4%,"Moore Park"
400,14407.5047925,14407.5046496,14398.97276166,14354.3943,-0.4%,"Darlinghurst and Surry Hill"
401,106140.669207,97835.12348,85461.62614085,87081.62583,-18%,"Darlinghurst and Surry Hill"
402,19321.414165,19313.9125604,18871.07190725,18082.93923,-6.4%,"Darlinghurst and Surry Hill"
403,26405.8367443,26057.5323992,27425.49280403,25937.31583,-1.8%,"Darlinghurst and Surry Hill"
404,23819.9311845,24281.9170166,24456.7066507,15716.41381,-34%,"Darlinghurst and Surry Hill"
405,12190.0489818,12138.3184934,11927.36810527,11155.57361,-8.5%,"Darlinghurst and Surry Hill"
406,34577.6668981,34579.0454994,34548.73800671,33754.66229,-2.4%,"Darlinghurst and Surry Hill"
407,133234.602266,130900.978456,130211.3139703,124421.6322,-6.6%,"Darlinghurst and Surry Hill"
408,91273.0074808,91078.8303976,90389.72604137,89374.51067,-2.1%,"Darlinghurst and Surry Hill"
409,9254.73444107,9254.73444107,9254.73444107,9216.335106,-0.4%,"Darlinghurst and Surry Hill"
410,17480.2357445,17480.2357445,17480.23574468,16955.27612,-3%,"Darlinghurst and Surry Hill"
411,42971.9328906,42999.6501832,41925.11524342,41717.69088,-2.9%,"Darlinghurst and Surry Hill"
412,12250.9343808,12250.9343808,12250.93438085,11726.85869,-4.3%,"Darlinghurst and Surry Hill"
413,4564.70968992,4564.70968667,7244.90298235,9434.350795,106.7%,"Darlinghurst and Surry Hill"
414,55365.1531225,30280.4493767,77997.20360037,81157.64353,46.6%,"Darlinghurst and Surry Hill"
415,25968.1790934,19275.0955993,25706.83553853,37921.21683,46%,"Darlinghurst and Surry Hill"
416,48133.7124394,40093.9944557,41098.71623797,40048.37752,-16.8%,"Darlinghurst and Surry Hill"
417,22469.0432681,22081.5128021,22081.51284839,21920.25738,-2.4%,"Darlinghurst and Surry Hill"
418,3927.0036507,3927.0036507,3927.0036507,3927.003651,0%,"Darlinghurst and Surry Hill"
419,8545.449,8484.01593553,8506.8446847,8504.706442,-0.5%,"Darlinghurst and Surry Hill"
420,6674.44033589,6723.23890265,6110.87488905,6082.030119,-8.9%,"Darlinghurst and Surry Hill"
421,4506.72128137,4669.1512381,4482.71910671,4247.712411,-5.7%,"Darlinghurst and Surry Hill"
422,139945.830846,135304.911349,151484.29578579,142134.9404,1.6%,"Darlinghurst and Surry Hill"
423,24947.3753512,24947.3753512,51901.11439531,49127.00873,96.9%,"Darlinghurst and Surry Hill"
424,32390.6718876,32390.6718877,38420.54298943,38082.66808,17.6%,"Darlinghurst and Surry Hill"
425,4513.42123635,4513.42123635,4373.52048732,4348.497807,-3.7%,"Darlinghurst and Surry Hill"
426,2184.63214642,2184.63214642,2184.63214642,2184.632146,-0%,"Darlinghurst and Surry Hill"
427,18215.9960879,18215.9960879,18283.47966906,18112.39935,-0.6%,"Darlinghurst and Surry Hill"
428,11077.0795538,11076.7906669,10912.33971242,10497.31426,-5.2%,"Darlinghurst and Surry Hill"
429,65322.5852126,65603.0739859,64661.18273865,61433.82706,-6%,"Darlinghurst and Surry Hill"
430,27465.9722792,26656.50388,26296.65296795,29462.18105,7.3%,"Darlinghurst and Surry Hill"
431,8470.38762807,8470.38771135,8464.22208848,8469.666274,-0%,"Darlinghurst and Surry Hill"
432,7813.73930001,7804.03143387,8225.85130509,7883.793463,0.9%,"Darlinghurst and Surry Hill"
433,17030.4504667,14076.3943406,14338.28187277,13380.9997,-21.4%,"Darlinghurst and Surry Hill"
434,24373.8155023,24334.6591723,24565.97953902,22872.66465,-6.2%,"Darlinghurst and Surry Hill"
435,6589.21453014,6219.61204842,6219.61204842,6019.157186,-8.7%,"Darlinghurst and Surry Hill"
436,19288.6366214,18918.0061377,18783.0530343,18363.47777,-4.8%,"Darlinghurst and Surry Hill"
437,16346.8434205,14297.0267431,16513.71003735,15585.71166,-4.7%,"Darlinghurst and Surry Hill"
438,64195.5305546,64277.62274,64010.25045319,64328.69828,0.2%,"Darlinghurst and Surry Hill"
439,13502.0962831,13551.2206234,13610.25581522,13066.9219,-3.2%,"Darlinghurst and Surry Hill"
440,57982.1426179,59154.6726036,61018.8444955,58122.26716,0.2%,"Darlinghurst and Surry Hill"
441,7712.15900199,8125.31184998,8314.77838187,7804.188022,1.2%,"Darlinghurst and Surry Hill"
442,27552.6571204,29149.8661581,33248.85844689,30741.36711,11.6%,"Darlinghurst and Surry Hill"
443,10364.6638369,10349.7969825,10501.42779362,10466.54548,1%,"Darlinghurst and Surry Hill"
444,5351.18707292,4618.8262622,23166.68952608,22222.68013,315.3%,"Darlinghurst and Surry Hill"
445,18003.9778306,18287.3012448,18294.13147209,17802.34508,-1.1%,"Darlinghurst and Surry Hill"
446,22194.5870813,22056.2637511,22299.82132196,21213.73868,-4.4%,"Darlinghurst and Surry Hill"
447,12180.6506613,11875.1313309,12472.1066776,11159.10075,-8.4%,"Darlinghurst and Surry Hill"
448,8632.49798056,7787.48186506,8774.11984475,8399.587552,-2.7%,"Darlinghurst and Surry Hill"
449,17522.4641169,18037.5851599,19151.4686098,17685.37809,0.9%,"Darlinghurst and Surry Hill"
450,16810.9068031,16177.6659139,17156.48715957,17090.46313,1.7%,"Darlinghurst and Surry Hill"
451,8976.99952504,8626.56828785,9277.89277968,8767.391829,-2.3%,"Darlinghurst and Surry Hill"
452,16748.8698686,17345.8716708,16882.49753237,17416.05084,4%,"Darlinghurst and Surry Hill"
453,8365.9022642,7992.88149773,8456.26390212,8343.761006,-0.3%,"Darlinghurst and Surry Hill"
454,55194.4256265,56286.0572148,57172.93849324,55221.50805,0%,"Darlinghurst and Surry Hill"
455,15126.6061388,15066.7583961,17255.8897812,16840.6249,11.3%,"Darlinghurst and Surry Hill"
456,17421.5352796,17421.537559,18151.38253754,17795.67082,2.1%,"Darlinghurst and Surry Hill"
457,20477.9644226,23068.2483964,37374.18207069,35658.06811,74.1%,"Darlinghurst and Surry Hill"
458,22221.4511787,23210.5205331,22954.27115831,23574.47342,6.1%,"Darlinghurst and Surry Hill"
459,57269.1491097,57291.9541073,63124.81908226,57892.58291,1.1%,"Darlinghurst and Surry Hill"
460,27993.1900587,33032.4233584,33346.13414333,31676.73827,13.2%,"Darlinghurst and Surry Hill"
461,8399.62954382,10991.0349005,10950.92264471,10254.42554,22.1%,"Darlinghurst and Surry Hill"
462,9221.97404842,9221.91186896,9458.43923915,9334.793306,1.2%,"Darlinghurst and Surry Hill"
463,7346.06661146,7322.14512277,7909.1902014,7791.011718,6.1%,"Darlinghurst and Surry Hill"
464,68089.6038856,67755.7654602,67744.73655432,63754.79488,-6.4%,"Darlinghurst and Surry Hill"
465,74607.895702,75056.981156,73179.90171834,69826.58455,-6.4%,"Darlinghurst and Surry Hill"
466,43460.9598434,43424.4025877,43397.51162073,41168.21758,-5.3%,"Darlinghurst and Surry Hill"
467,56620.842709,56639.2847826,63589.40578424,59480.53962,5.1%,"Darlinghurst and Surry Hill"
468,61455.5889027,69179.4391281,69256.62702923,65795.25767,7.1%,"Darlinghurst and Surry Hill"
469,30701.9922221,30957.744066,30886.21733581,30919.36688,0.7%,"Darlinghurst and Surry Hill"
470,34073.1002107,34072.5728023,35337.42085625,35410.2416,3.9%,"Darlinghurst and Surry Hill"
471,33230.0465627,34643.7936718,35231.547869,34314.59403,3.3%,"Darlinghurst and Surry Hill"
472,15184.7986378,14884.8223532,16121.57126618,14337.33276,-5.6%,"Darlinghurst and Surry Hill"
473,17101.3054444,17931.1804446,18477.48444162,17968.79882,5.1%,"Darlinghurst and Surry Hill"
474,21675.80209,22535.5661985,22570.92761575,18966.44127,-12.5%,"Darlinghurst and Surry Hill"
475,9730.06165253,9730.06189846,9928.50857267,9449.981052,-2.9%,"Darlinghurst and Surry Hill"
476,10055.9173653,11816.6770658,11816.67638368,11460.58554,14%,"Darlinghurst and Surry Hill"
477,33189.2986722,33294.1584134,33692.18801019,32368.76591,-2.5%,"Darlinghurst and Surry Hill"
478,75663.7736632,75454.6069442,76317.22961418,71652.06145,-5.3%,"Darlinghurst and Surry Hill"
479,6935.7399896,8413.53232963,9248.79847465,8103.764536,16.8%,"Darlinghurst and Surry Hill"
480,41176.5063384,41176.4360054,40227.49335855,38010.24681,-7.7%,"Darlinghurst and Surry Hill"
481,16685.59915,18506.6354293,16685.80452225,15901.02332,-4.7%,"Darlinghurst and Surry Hill"
482,4881.4634507,4881.94448659,5865.08859665,6057.019987,24.1%,"Darlinghurst and Surry Hill"
483,9204.29256874,9312.29836235,10325.75249718,9929.686707,7.9%,"Darlinghurst and Surry Hill"
484,20932.1011029,20737.1292842,20542.62235338,19187.81228,-8.3%,"Darlinghurst and Surry Hill"
485,8352.15589598,8629.10973536,8334.56410251,8062.940421,-3.5%,"Darlinghurst and Surry Hill"
486,3320.18650068,3320.18666469,3365.09017681,3293.54426,-0.8%,"Darlinghurst and Surry Hill"
487,6345.22398248,6401.93140939,6604.74485838,7146.934594,12.6%,"Darlinghurst and Surry Hill"
488,4431.53171519,2323.43319697,4499.50769551,9575.415543,116.1%,"Darlinghurst and Surry Hill"
489,16616.3806974,10772.0077688,12737.48714078,14289.78326,-14%,"Darlinghurst and Surry Hill"
490,12170.1182369,12280.6979933,12471.31646885,11752.07173,-3.4%,"Darlinghurst and Surry Hill"
491,13491.3873817,13116.0558862,12795.26883671,13551.37535,0.4%,"Darlinghurst and Surry Hill"
492,24686.9669735,25243.103643,24745.73793287,23007.84187,-6.8%,"Darlinghurst and Surry Hill"
493,16660.8898413,19022.4839654,16709.26929816,15928.48343,-4.4%,"Darlinghurst and Surry Hill"
494,15562.0865753,16183.3680086,14988.39068169,14382.00861,-7.6%,"Darlinghurst and Surry Hill"
495,7304.6110007,7304.61131393,9396.84591272,8983.832458,23%,"Darlinghurst and Surry Hill"
496,19469.4731563,19599.5642579,19559.93879825,19039.85479,-2.2%,"Darlinghurst and Surry Hill"
497,34472.9664359,34828.4382879,35399.50603611,37116.33619,7.7%,"Darlinghurst and Surry Hill"
498,17211.0364382,17748.6597241,18201.40549606,17396.33374,1.1%,"Darlinghurst and Surry Hill"
499,19982.632272,21488.5580001,26919.78187822,26623.96208,33.2%,"Darlinghurst and Surry Hill"
500,10669.9979316,10596.6220177,10647.56141169,10457.64838,-2%,"Darlinghurst and Surry Hill"
501,3929.59554179,3929.59554179,3936.32034364,3898.193652,-0.8%,"Darlinghurst and Surry Hill"
502,17681.4966878,23909.8536706,22083.02440246,20937.16253,18.4%,"Darlinghurst and Surry Hill"
503,20092.90116,18935.305794,19501.51905029,19470.36306,-3.1%,"Darlinghurst and Surry Hill"
504,7928.20106643,7704.01387587,7978.56582541,7894.936571,-0.4%,"Darlinghurst and Surry Hill"
505,7801.3678886,7801.3675631,7801.4311673,7614.213951,-2.4%,"Darlinghurst and Surry Hill"
507,21160.772522,21071.5698319,21138.38108702,20501.65687,-3.1%,"Darlinghurst and Surry Hill"
508,21013.0063085,21382.0545922,21256.54758358,21206.21546,0.9%,"Darlinghurst and Surry Hill"
509,8101.96844051,8717.70531625,8861.5589929,8749.784231,8%,"Darlinghurst and Surry Hill"
510,18916.505205,19709.1375091,19159.78266245,19168.9815,1.3%,"Darlinghurst and Surry Hill"
511,5315.12019892,5664.93224534,5623.93033599,5332.41727,0.3%,"Darlinghurst and Surry Hill"
512,27977.5588872,28062.4484849,28165.68111224,26799.87596,-4.2%,"Darlinghurst and Surry Hill"
513,12651.1811544,12651.1811544,12247.43550831,11881.57424,-6.1%,"Darlinghurst and Surry Hill"
514,22599.7879157,22510.4530392,22368.13216246,23326.37163,3.2%,"Darlinghurst and Surry Hill"
515,18012.3960853,19102.3253793,21833.27283264,20602.86794,14.4%,"Darlinghurst and Surry Hill"
516,16319.3171731,16699.4361376,19321.11252429,20318.7192,24.5%,"Darlinghurst and Surry Hill"
517,21072.4635063,21251.7131769,21414.08972768,20657.00008,-2%,"Darlinghurst and Surry Hill"
518,31103.3460669,31121.6608617,31108.71416,29239.15344,-6%,"Darlinghurst and Surry Hill"
519,4057.68659255,4057.68659255,4128.54505511,4128.545055,1.7%,"Darlinghurst and Surry Hill"
520,9480.18069737,9480.18069741,9480.18069741,9480.180697,-0%,"Darlinghurst and Surry Hill"
521,20274.5654434,20183.2135823,20233.8545161,19058.91423,-6%,"Darlinghurst and Surry Hill"
522,37929.4523565,45169.6161925,40111.90402908,38432.20712,1.3%,"Darlinghurst and Surry Hill"
523,75334.6815951,75231.2176416,76532.99819024,72653.32547,-3.6%,"Darlinghurst and Surry Hill"
524,70190.0465482,70673.8709977,72481.49964132,76166.85662,8.5%,"Darlinghurst and Surry Hill"
525,11106.0507208,11061.1352019,11307.24997689,10920.9207,-1.7%,"Darlinghurst and Surry Hill"
526,10820.4730886,12795.8266081,13113.72039992,12435.6035,14.9%,"Darlinghurst and Surry Hill"
527,2923.60415676,2963.08506525,2909.87652769,2879.305083,-1.5%,"Darlinghurst and Surry Hill"
528,10969.1825762,10906.3732672,11294.09454717,11686.3116,6.5%,"Darlinghurst and Surry Hill"
529,14901.3384528,14872.7749629,14185.59341377,13326.36214,-10.6%,"Darlinghurst and Surry Hill"
530,45402.3781713,56351.6840634,55837.17494267,51911.71474,14.3%,"Darlinghurst and Surry Hill"
531,8924.94030542,8924.93937028,8924.97418277,8653.206474,-3%,"Darlinghurst and Surry Hill"
532,8622.89545725,8622.8956705,8615.97392576,8384.476407,-2.8%,"Darlinghurst and Surry Hill"
533,3129.03203584,3129.03203584,3176.09706882,3118.472694,-0.3%,"Darlinghurst and Surry Hill"
534,14108.9170328,14132.3748728,13943.62076819,13755.55883,-2.5%,"Darlinghurst and Surry Hill"
535,9345.39195916,9345.39195916,9345.37537329,9361.235876,0.2%,"Darlinghurst and Surry Hill"
536,7192.44205361,7192.44205361,7192.44205361,7155.440904,-0.5%,"Darlinghurst and Surry Hill"
537,13555.4101643,14997.3925367,14011.19180918,13563.91935,0.1%,"Darlinghurst and Surry Hill"
538,9273.68034999,9661.7221508,9961.34880984,9872.386143,6.5%,"Darlinghurst and Surry Hill"
539,35123.0236717,35123.0236717,35167.5827407,34552.65331,-1.6%,"Darlinghurst and Surry Hill"
540,22313.2220629,22313.2220629,11939.37942402,11884.20859,-46.7%,"Darlinghurst and Surry Hill"
541,4580.7010542,4580.70035361,5439.12756555,5303.376574,15.8%,"Darlinghurst and Surry Hill"
542,13264.6952782,13176.3817929,13121.86858064,13103.34709,-1.2%,"Darlinghurst and Surry Hill"
543,11109.8298955,11411.1402395,11505.40896679,11470.57743,3.2%,"Darlinghurst and Surry Hill"
544,20131.5999368,20157.190341,20438.78606747,20215.02222,0.4%,"Darlinghurst and Surry Hill"
545,26418.2215466,26136.0302364,26647.65136267,28257.57517,7%,"Darlinghurst and Surry Hill"
546,16423.6160708,16888.1945699,17089.12733129,15938.3151,-3%,"Darlinghurst and Surry Hill"
547,14975.3542652,14989.0790856,15121.35491056,14643.47624,-2.2%,"Darlinghurst and Surry Hill"
548,9256.40206396,8745.63793408,8796.69344801,8585.790649,-7.2%,"Darlinghurst and Surry Hill"
549,4278.69239884,4278.69195658,4278.69226228,4224.126287,-1.3%,"Darlinghurst and Surry Hill"
550,9450.7636057,9434.33534638,9861.48760455,8284.315547,-12.3%,"Darlinghurst and Surry Hill"
551,5345.84271263,5475.56521986,5813.09928524,5500.416721,2.9%,"Darlinghurst and Surry Hill"
552,4674.83530061,5579.55988912,5580.0237084,4383.364899,-6.2%,"Darlinghurst and Surry Hill"
553,56777.5575185,56777.5653675,56689.21917598,49599.65355,-12.6%,"Darlinghurst and Surry Hill"
554,6619.72494817,6628.28342845,6700.07582253,6760.05542,2.1%,"Darlinghurst and Surry Hill"
555,15493.2602259,23312.3638586,23752.94085638,22815.12166,47.3%,"Darlinghurst and Surry Hill"
556,23383.0160368,19036.2068624,19763.29357992,18131.89205,-22.5%,"Darlinghurst and Surry Hill"
557,3886.81145906,3879.26152043,3764.83731723,3668.460732,-5.6%,"Darlinghurst and Surry Hill"
558,35939.0877477,36001.6199968,36001.61999677,34478.11442,-4.1%,"Darlinghurst and Surry Hill"
560,6749.58783953,6782.29085794,6715.92490338,6278.940569,-7%,"Darlinghurst and Surry Hill"
561,23067.5428332,21655.6976637,22128.6614647,22131.88941,-4.1%,"Darlinghurst and Surry Hill"
562,9014.84968304,9014.84995965,10205.26087861,9743.464748,8.1%,"Darlinghurst and Surry Hill"
563,5112.069605,7180.87940905,6993.50677015,6327.691349,23.8%,"Darlinghurst and Surry Hill"
564,58120.1565887,58811.5555796,57173.26905584,54478.04704,-6.3%,"Darlinghurst and Surry Hill"
565,27129.3065655,27078.4394788,27394.88108767,26582.21091,-2%,"Darlinghurst and Surry Hill"
566,4107.63239161,4102.24622781,4303.23274847,4250.083104,3.5%,"Darlinghurst and Surry Hill"
567,25449.3574499,26129.9625612,26119.60352696,27046.15276,6.3%,"Darlinghurst and Surry Hill"
568,4422.43339287,4248.58297919,4358.84025127,4134.63924,-6.5%,"Darlinghurst and Surry Hill"
569,18178.6002008,17968.2066062,18477.49322381,17275.33928,-5%,"Darlinghurst and Surry Hill"
570,22806.3694505,22259.7365416,22244.31229532,20896.06859,-8.4%,"Darlinghurst and Surry Hill"
571,8153.2809083,8231.3728006,10045.20677157,10723.12828,31.5%,"Darlinghurst and Surry Hill"
572,23632.1132524,23632.1125952,23983.97228547,23142.58503,-2.1%,"Darlinghurst and Surry Hill"
573,22557.2164877,22543.7872843,22645.50079687,22601.24841,0.2%,"Darlinghurst and Surry Hill"
574,15362.8376366,15464.3612574,19259.84737056,20750.2521,35.1%,"Darlinghurst and Surry Hill"
575,20899.8663662,20899.8663915,21137.35421089,20489.8834,-2%,"Darlinghurst and Surry Hill"
576,7079.93142938,7218.82417208,7772.97409783,7370.410854,4.1%,"Darlinghurst and Surry Hill"
577,12404.3365983,12917.8618069,13975.37490701,13319.01382,7.4%,"Darlinghurst and Surry Hill"
578,25169.1134158,25237.6944725,25257.78909774,24324.09625,-3.4%,"Darlinghurst and Surry Hill"
579,8339.42955732,8409.93255568,8240.66380685,8088.783229,-3%,"Darlinghurst and Surry Hill"
580,16633.092756,16633.092756,16633.11981839,15548.52472,-6.5%,"Darlinghurst and Surry Hill"
581,5473.36994674,5486.35538102,5486.3555938,5512.00177,0.7%,"Darlinghurst and Surry Hill"
582,26456.0290767,26390.4802135,25070.55206813,24024.88193,-9.2%,"Darlinghurst and Surry Hill"
583,3894.96946325,3831.78547336,3783.24470825,3691.627404,-5.2%,"Darlinghurst and Surry Hill"
584,9805.12685451,9805.12685451,9756.8050127,9558.346448,-2.5%,"Darlinghurst and Surry Hill"
585,5496.89895804,5500.5628454,5628.25217677,5440.110749,-1%,"Darlinghurst and Surry Hill"
586,20847.4832464,20913.4493497,20828.42532552,19731.13457,-5.4%,"Darlinghurst and Surry Hill"
587,14802.9558351,14846.2195843,14594.33655167,14290.8729,-3.5%,"Darlinghurst and Surry Hill"
588,13289.0725191,13289.0725191,13289.07251911,13357.06136,0.5%,"Darlinghurst and Surry Hill"
589,18684.0124939,18887.913436,19280.09187642,18929.0943,1.3%,"Darlinghurst and Surry Hill"
590,129603.50856,129603.747812,129605.47403097,125690.4782,-3%,"Darlinghurst and Surry Hill"
591,8557.62708122,8557.62708122,8600.01100957,8602.090325,0.5%,"Darlinghurst and Surry Hill"
592,5732.71781072,5732.71781072,5732.71781072,5732.717811,0%,"Darlinghurst and Surry Hill"
593,4516.40647538,4516.40647538,4516.40647538,4516.406475,-0%,"Darlinghurst and Surry Hill"
594,6683.30576992,6683.30576992,6734.29111855,6729.020784,0.7%,"Darlinghurst and Surry Hill"
595,12787.5586498,12787.5586498,12723.23429961,12625.15259,-1.3%,"Darlinghurst and Surry Hill"
596,27606.1504624,27455.2000111,28263.20600706,26928.21581,-2.5%,"Darlinghurst and Surry Hill"
597,8591.23645951,8591.23645951,8533.85873528,1738.038242,-79.8%,"Darlinghurst and Surry Hill"
598,5766.36860603,5766.36837192,5766.36832382,5766.368324,-0%,"Darlinghurst and Surry Hill"
599,8344.88484723,8253.47493268,8593.01317932,8318.167908,-0.3%,"Darlinghurst and Surry Hill"
600,5913.14208573,5913.14208573,5913.67186712,5918.25878,0.1%,"Redfern, Erskineville and Macdonaldtown"
601,7714.7479994,7714.7479994,7714.7479994,7809.048836,1.2%,"Redfern, Erskineville and Macdonaldtown"
602,5903.18380214,5632.91416297,5708.8875334,5731.184803,-2.9%,"Redfern, Erskineville and Macdonaldtown"
603,4824.56725854,4824.56725854,4824.56725854,5027.28703,4.2%,"Redfern, Erskineville and Macdonaldtown"
604,5639.1916245,5639.1916245,5639.1916245,5387.364092,-4.5%,"Redfern, Erskineville and Macdonaldtown"
605,10130.3238992,10130.3238992,9879.78350114,9849.031559,-2.8%,"Redfern, Erskineville and Macdonaldtown"
606,15489.7954668,15060.5527381,16199.80789881,15953.10128,3%,"Redfern, Erskineville and Macdonaldtown"
607,6714.52155194,6408.97018498,6717.78268875,6530.302275,-2.7%,"Redfern, Erskineville and Macdonaldtown"
608,11868.7849992,11580.7191493,11718.28752822,22885.14077,92.8%,"Redfern, Erskineville and Macdonaldtown"
609,9330.00570078,9433.43605417,9382.62070199,8707.154201,-6.7%,"Redfern, Erskineville and Macdonaldtown"
610,19874.0313202,19873.784416,19998.45065274,18469.04352,-7.1%,"Redfern, Erskineville and Macdonaldtown"
611,6471.63108149,5984.39895092,5556.23463661,5334.369514,-17.6%,"Redfern, Erskineville and Macdonaldtown"
612,6191.07051048,6191.07051048,6541.42463829,6455.507791,4.3%,"Redfern, Erskineville and Macdonaldtown"
613,12467.7615779,12467.7615779,12467.76157789,12467.76158,0%,"Redfern, Erskineville and Macdonaldtown"
614,48924.980933,48924.980933,49581.01438576,47651.25209,-2.6%,"Redfern, Erskineville and Macdonaldtown"
615,6942.45955968,6942.45955968,10151.58975645,10080.59699,45.2%,"Redfern, Erskineville and Macdonaldtown"
616,33093.2964045,33093.2964045,33093.29640446,32383.64224,-2.1%,"Redfern, Erskineville and Macdonaldtown"
617,7831.9169066,7932.5741982,7826.92801295,7290.580297,-6.9%,"Redfern, Erskineville and Macdonaldtown"
618,5494.53942735,5494.53922512,5498.06569648,5435.826011,-1.1%,"Redfern, Erskineville and Macdonaldtown"
619,4870.6827725,4870.68123117,4838.30956622,4854.375147,-0.3%,"Redfern, Erskineville and Macdonaldtown"
620,8258.67277158,8258.67277158,8295.50716714,8234.151365,-0.3%,"Redfern, Erskineville and Macdonaldtown"
621,11464.0287543,11464.0287543,11464.02875429,11464.02875,-0%,"Redfern, Erskineville and Macdonaldtown"
622,15192.3302924,16288.5369154,16193.4473931,15878.34203,4.5%,"Redfern, Erskineville and Macdonaldtown"
623,3670.41442481,3670.41442481,1406.15413084,1406.154334,-61.7%,"Redfern, Erskineville and Macdonaldtown"
624,13532.1263834,13532.1260089,13725.90324963,13403.1899,-1%,"Redfern, Erskineville and Macdonaldtown"
625,117.12947588,3440.16858611,3231.14623231,2770.727303,2265.5%,"Redfern, Erskineville and Macdonaldtown"
626,41613.5370134,42383.5057237,44595.05818218,44109.98925,6%,"Redfern, Erskineville and Macdonaldtown"
627,15759.2550584,15298.532387,15298.76089479,15174.12542,-3.7%,"Redfern, Erskineville and Macdonaldtown"
628,80954.3550654,81037.5059458,82692.46773316,79942.03917,-1.3%,"Redfern, Erskineville and Macdonaldtown"
629,12383.609376,12211.239755,12161.63218908,11823.43339,-4.5%,"Redfern, Erskineville and Macdonaldtown"
630,10372.4995954,10920.0302417,10650.58621562,10376.4904,0%,"Redfern, Erskineville and Macdonaldtown"
631,37218.5056096,37218.5056096,38802.12143196,37626.68096,1.1%,"Redfern, Erskineville and Macdonaldtown"
632,17704.319352,17727.5257748,18070.82711975,18005.77676,1.7%,"Redfern, Erskineville and Macdonaldtown"
633,9226.21346825,9226.21346825,9975.08750631,9952.787775,7.9%,"Redfern, Erskineville and Macdonaldtown"
634,59502.553323,59530.3804715,59530.38014948,54057.28546,-9.2%,"Redfern, Erskineville and Macdonaldtown"
635,36076.3358807,36041.9181441,36076.33588071,32673.02296,-9.4%,"Redfern, Erskineville and Macdonaldtown"
636,32050.5054993,31351.2599575,36370.28266487,55594.74828,73.5%,"Redfern, Erskineville and Macdonaldtown"
637,21949.5688681,21949.5688681,22097.78476639,22078.51573,0.6%,"Redfern, Erskineville and Macdonaldtown"
638,17712.3677149,17143.1580683,16889.71329157,16455.31374,-7.1%,"Redfern, Erskineville and Macdonaldtown"
639,19190.5863098,19187.4984323,19071.73176265,18513.07459,-3.5%,"Redfern, Erskineville and Macdonaldtown"
640,14850.5414962,14395.0872201,16498.06232516,16919.15084,13.9%,"Redfern, Erskineville and Macdonaldtown"
641,21843.7467508,21828.9893633,22897.22088552,22471.5174,2.9%,"Redfern, Erskineville and Macdonaldtown"
642,16539.1151775,17194.1748077,15810.84506231,15274.51446,-7.6%,"Redfern, Erskineville and Macdonaldtown"
643,10499.2184587,10499.2186255,10495.32616244,10232.89442,-2.5%,"Redfern, Erskineville and Macdonaldtown"
644,25550.1270881,25623.2980387,25738.16740028,25191.93109,-1.4%,"Redfern, Erskineville and Macdonaldtown"
645,33936.0349248,34088.5320689,32496.9515131,31580.05124,-6.9%,"Redfern, Erskineville and Macdonaldtown"
646,14875.6216759,13623.872875,13380.10240163,12655.23097,-14.9%,"Redfern, Erskineville and Macdonaldtown"
647,9939.60249312,10134.8649016,10198.47945471,9873.878342,-0.7%,"Redfern, Erskineville and Macdonaldtown"
648,28299.9456861,47167.8658992,61832.60770363,58462.03925,106.6%,"Redfern, Erskineville and Macdonaldtown"
649,15484.0502749,15405.757179,15496.45718714,14717.653,-4.9%,"Redfern, Erskineville and Macdonaldtown"
650,16348.9819745,18165.2965228,20858.90456183,19332.64229,18.2%,"Redfern, Erskineville and Macdonaldtown"
651,7397.4722666,8341.07408953,9623.10561228,9326.770596,26.1%,"Redfern, Erskineville and Macdonaldtown"
652,41838.7921577,43900.3392738,47666.52066479,45526.04228,8.8%,"Redfern, Erskineville and Macdonaldtown"
653,28790.0671921,28790.0671921,28790.06719205,26886.23528,-6.6%,"Redfern, Erskineville and Macdonaldtown"
654,8917.43384956,8917.43384956,8917.43384956,8917.43385,0%,"Redfern, Erskineville and Macdonaldtown"
655,8502.88337141,8502.88337141,8502.88337141,8502.883371,-0%,"Redfern, Erskineville and Macdonaldtown"
656,21813.8002903,19986.2268495,19986.25433189,506.840175,-97.7%,"Redfern, Erskineville and Macdonaldtown"
657,13854.0515637,19400.5335394,20436.06267135,19419.56187,40.2%,"Redfern, Erskineville and Macdonaldtown"
658,1012.00242654,1012.00247028,4823.71201117,5625.443611,455.9%,"Redfern, Erskineville and Macdonaldtown"
659,24314.8314557,32025.111006,33855.25051694,32122.52929,32.1%,"Redfern, Erskineville and Macdonaldtown"
660,11274.617246,11206.0589137,11188.23734511,10683.5769,-5.2%,"Redfern, Erskineville and Macdonaldtown"
661,21737.4235807,20999.3227,20996.82123751,20187.25149,-7.1%,"Redfern, Erskineville and Macdonaldtown"
662,7974.52947495,7926.64303667,7906.75155011,12136.17475,52.2%,"Redfern, Erskineville and Macdonaldtown"
664,18836.6318641,18836.6318641,18836.63186414,18437.59024,-2.1%,"Redfern, Erskineville and Macdonaldtown"
665,58118.5912132,58796.5956156,63098.26496522,60866.80804,4.7%,"Redfern, Erskineville and Macdonaldtown"
666,3636.18278111,3636.18278111,3636.18245179,3601.13663,-1%,"Redfern, Erskineville and Macdonaldtown"
667,14903.8439369,14940.5986568,14769.38949066,14456.07958,-3%,"Redfern, Erskineville and Macdonaldtown"
668,1791.65331532,1791.63016454,1791.63016454,19935.43136,1012.7%,"Redfern, Erskineville and Macdonaldtown"
669,13883.589712,13479.2056061,11411.01565592,11370.36404,-18.1%,"Redfern, Erskineville and Macdonaldtown"
670,5176.42581129,5502.40923827,5227.80006822,5237.821228,1.2%,"Redfern, Erskineville and Macdonaldtown"
671,3170.19307996,780.7202391,780.7202391,14831.28456,367.8%,"Redfern, Erskineville and Macdonaldtown"
672,4365.64024408,4356.02820997,4363.45677211,4252.593004,-2.6%,"Redfern, Erskineville and Macdonaldtown"
673,6088.82798041,6088.82798041,6040.81716416,5965.314695,-2%,"Redfern, Erskineville and Macdonaldtown"
674,8699.81600935,9216.67568353,9901.53975832,9589.866624,10.2%,"Redfern, Erskineville and Macdonaldtown"
675,14128.2693353,13913.9318006,13843.11838206,13832.51064,-2.1%,"Redfern, Erskineville and Macdonaldtown"
676,8254.61716535,8254.61716535,8338.97312237,8416.465404,2%,"Redfern, Erskineville and Macdonaldtown"
677,3570.66475705,3570.66475705,3570.66475705,3570.664757,-0%,"Redfern, Erskineville and Macdonaldtown"
678,5541.63144931,5541.63083603,5466.80524674,5435.513205,-1.9%,"Redfern, Erskineville and Macdonaldtown"
679,11348.4443434,10993.3231624,10702.42936556,10385.59094,-8.5%,"Redfern, Erskineville and Macdonaldtown"
680,740.72528515,740.72528515,724.34967199,724.349672,-2.2%,"Redfern, Erskineville and Macdonaldtown"
681,7467.38582571,7467.38582571,7472.35992881,7399.516152,-0.9%,"Redfern, Erskineville and Macdonaldtown"
682,11786.7213081,11765.9509575,11944.72365836,11805.97755,0.2%,"Redfern, Erskineville and Macdonaldtown"
683,6120.10050372,6100.15313017,6436.1994947,7029.028526,14.9%,"Redfern, Erskineville and Macdonaldtown"
684,13674.4969921,13627.0758128,13962.05249981,13814.81275,1%,"Redfern, Erskineville and Macdonaldtown"
685,5079.1135371,5079.11353822,5096.2160021,4922.997111,-3.1%,"Redfern, Erskineville and Macdonaldtown"
686,14241.0895027,13442.4807689,13660.94202006,13653.38918,-4.1%,"Redfern, Erskineville and Macdonaldtown"
687,8998.61968335,8947.84948565,9193.09559925,9193.060767,2.2%,"Redfern, Erskineville and Macdonaldtown"
688,35367.5879279,35460.0713385,70476.2328303,67666.50678,91.3%,"Redfern, Erskineville and Macdonaldtown"
689,21517.368893,21547.5917026,21517.36934667,21457.68729,-0.3%,"Redfern, Erskineville and Macdonaldtown"
690,11363.4333859,11517.7202504,11511.06830176,11316.8385,-0.4%,"Redfern, Erskineville and Macdonaldtown"
691,42215.9893302,42533.9484021,42686.04566972,41387.92141,-2%,"Redfern, Erskineville and Macdonaldtown"
692,7579.00654466,7607.31249069,7598.19635458,7529.989813,-0.6%,"Redfern, Erskineville and Macdonaldtown"
693,2458.1904554,2458.1904554,2776.95532235,2835.700294,15.4%,"Redfern, Erskineville and Macdonaldtown"
694,8985.83335181,9000.93432682,9000.93432682,9000.934327,0.2%,"Redfern, Erskineville and Macdonaldtown"
695,18934.1107105,18934.111466,18919.26229056,18600.74775,-1.8%,"Redfern, Erskineville and Macdonaldtown"
696,10407.2928852,10407.2931432,10410.12444276,10022.6503,-3.7%,"Redfern, Erskineville and Macdonaldtown"
697,15963.8046218,16207.7165488,15425.87654291,15164.61418,-5%,"Redfern, Erskineville and Macdonaldtown"
698,18002.1351619,18277.6929627,17844.95679431,17421.72427,-3.2%,"Redfern, Erskineville and Macdonaldtown"
699,23160.2236406,22597.3597943,22527.24038882,22041.76076,-4.8%,"Redfern, Erskineville and Macdonaldtown"
700,5778.79309714,5743.26687122,6362.13662564,5966.225297,3.2%,"Redfern, Erskineville and Macdonaldtown"
701,5023.14665976,5023.14665976,5375.1134882,5375.113488,7%,"Redfern, Erskineville and Macdonaldtown"
702,5833.09462745,5833.09462746,5833.09462746,5778.089298,-0.9%,"Redfern, Erskineville and Macdonaldtown"
703,5722.68123688,5803.66211111,5722.77091917,5722.709877,0%,"Redfern, Erskineville and Macdonaldtown"
704,4126.45527608,4126.45527608,4126.45527608,4158.113318,0.8%,"Redfern, Erskineville and Macdonaldtown"
705,8530.48482074,8529.8982879,8529.8982879,8560.659687,0.4%,"Redfern, Erskineville and Macdonaldtown"
706,9594.46683086,9594.46696948,10061.17693134,9805.767688,2.2%,"Redfern, Erskineville and Macdonaldtown"
707,15646.2802823,15549.9745902,15705.046494,15704.81102,0.4%,"Redfern, Erskineville and Macdonaldtown"
708,14462.2902202,14462.2902202,14468.0909161,14376.45572,-0.6%,"Redfern, Erskineville and Macdonaldtown"
709,2760.42542209,2760.42542209,2760.42542209,2760.425422,-0%,"Redfern, Erskineville and Macdonaldtown"
710,4754.74716011,4754.74716011,4754.74716011,4710.358956,-0.9%,"Redfern, Erskineville and Macdonaldtown"
711,5893.77290607,5893.77290607,6125.14025672,6125.140257,3.9%,"Redfern, Erskineville and Macdonaldtown"
712,3287.79338808,3287.79338808,3575.46776502,3643.215711,10.8%,"Redfern, Erskineville and Macdonaldtown"
713,11417.1356862,11546.2408641,11546.24077064,11374.40926,-0.4%,"Redfern, Erskineville and Macdonaldtown"
714,5829.03613406,5864.45063196,5889.61768924,6036.665812,3.6%,"Redfern, Erskineville and Macdonaldtown"
715,8709.3327932,9524.72987757,9556.96664905,9556.966649,9.7%,"Redfern, Erskineville and Macdonaldtown"
716,7440.94780815,8654.33220374,8978.39570047,8788.921116,18.1%,"Redfern, Erskineville and Macdonaldtown"
717,19153.3879148,18800.5771447,18609.33398794,17625.09467,-8%,"Redfern, Erskineville and Macdonaldtown"
718,19955.9214145,19528.1880341,25553.31879329,24811.61132,24.3%,"Redfern, Erskineville and Macdonaldtown"
719,8223.80952185,8223.80952185,13743.90424861,7634.503779,-7.2%,"Redfern, Erskineville and Macdonaldtown"
720,1804.59717802,1882.25663036,1882.25663036,1877.303409,4%,"Redfern, Erskineville and Macdonaldtown"
721,29751.9764682,31151.9765448,32951.10689517,32750.67371,10.1%,"Redfern, Erskineville and Macdonaldtown"
722,10527.5158131,10851.9097557,10851.9097557,10856.41106,3.1%,"Redfern, Erskineville and Macdonaldtown"
723,9344.97575622,9384.17986633,9384.17986633,9480.248002,1.4%,"Redfern, Erskineville and Macdonaldtown"
724,10831.6260187,10831.6260187,10849.19064759,10849.19065,0.2%,"Redfern, Erskineville and Macdonaldtown"
725,3448.15797721,3448.15797721,3448.15797721,3448.157977,-0%,"Redfern, Erskineville and Macdonaldtown"
726,2909.88820676,2909.88820676,2909.88820676,2909.888207,0%,"Redfern, Erskineville and Macdonaldtown"
727,8189.62250497,8171.9712702,8171.97148592,8001.188857,-2.3%,"Redfern, Erskineville and Macdonaldtown"
728,14674.6762085,14587.8006379,15296.45312263,15296.45312,4.2%,"Redfern, Erskineville and Macdonaldtown"
729,10293.3344428,10041.7524379,9950.39250634,10098.43025,-1.9%,"Redfern, Erskineville and Macdonaldtown"
730,6849.26120743,6801.56739946,6707.52892546,6476.55011,-5.4%,"Redfern, Erskineville and Macdonaldtown"
731,9933.08585223,9933.08585223,10370.02385957,10370.02386,4.4%,"Redfern, Erskineville and Macdonaldtown"
732,8897.30522977,8897.30495632,8861.06953238,8979.476585,0.9%,"Redfern, Erskineville and Macdonaldtown"
733,3858.53647792,3858.53647792,3831.67520593,3779.863205,-2%,"Redfern, Erskineville and Macdonaldtown"
734,7869.52626232,7907.78580186,7907.78580186,7976.929025,1.4%,"Redfern, Erskineville and Macdonaldtown"
735,5887.54353445,5857.36834639,5857.36834639,5856.698562,-0.5%,"Redfern, Erskineville and Macdonaldtown"
736,13864.7328411,13864.7329283,13896.45068359,13929.00716,0.5%,"Redfern, Erskineville and Macdonaldtown"
737,10317.68576,10339.2364077,10343.53703803,10355.86509,0.4%,"Redfern, Erskineville and Macdonaldtown"
738,5252.77374478,5252.77374478,6025.43398539,6025.433985,14.7%,"Redfern, Erskineville and Macdonaldtown"
739,4205.01243129,4246.69597753,4603.24559305,4465.374846,6.2%,"Redfern, Erskineville and Macdonaldtown"
740,14517.5359219,14453.7273343,15130.60410709,14696.81452,1.2%,"Redfern, Erskineville and Macdonaldtown"
741,10058.4556665,9986.70894728,10267.12905839,10104.96976,0.5%,"Redfern, Erskineville and Macdonaldtown"
742,4186.82056328,4497.27880794,4769.62342128,4769.623421,13.9%,"Redfern, Erskineville and Macdonaldtown"
743,2790.64766272,3195.12732608,3183.17301144,3183.173011,14.1%,"Redfern, Erskineville and Macdonaldtown"
744,7233.18508391,7233.18508391,7233.18508391,6939.384171,-4.1%,"Redfern, Erskineville and Macdonaldtown"
745,3770.0159357,3846.07720489,4060.46297449,4189.999974,11.1%,"Redfern, Erskineville and Macdonaldtown"
746,9495.55497212,9549.44359015,9532.25453355,9721.964823,2.4%,"Redfern, Erskineville and Macdonaldtown"
747,12221.6722375,12109.9834187,12468.51009832,12333.25587,0.9%,"Redfern, Erskineville and Macdonaldtown"
748,14052.8088114,14039.5392866,14257.07880861,13635.58252,-3%,"Redfern, Erskineville and Macdonaldtown"
751,4416.82356814,4408.72454148,4408.72454148,4461.79381,1%,"Redfern, Erskineville and Macdonaldtown"
752,13334.3014334,13935.1356075,13400.86859859,13265.30427,-0.5%,"Redfern, Erskineville and Macdonaldtown"
753,20925.5016478,21092.272761,21174.03330646,21301.99153,1.8%,"Redfern, Erskineville and Macdonaldtown"
754,23265.0071565,23764.0331868,23770.50988953,23439.81849,0.8%,"Redfern, Erskineville and Macdonaldtown"
755,8355.9761965,8355.9761965,8504.79434995,8504.79435,1.8%,"Redfern, Erskineville and Macdonaldtown"
756,9248.97678611,9248.97625668,9011.6765236,13766.83707,48.8%,"Redfern, Erskineville and Macdonaldtown"
757,15555.3893506,15447.4974814,15182.75885458,15084.63393,-3%,"Redfern, Erskineville and Macdonaldtown"
758,2519.64576824,2623.19067131,2623.19067134,2623.190671,4.1%,"Redfern, Erskineville and Macdonaldtown"
759,1259.70440116,1259.70440116,1259.70440115,1259.704401,-0%,"Redfern, Erskineville and Macdonaldtown"
760,1708.28562438,1708.28562438,1708.28562439,1708.285624,-0%,"Redfern, Erskineville and Macdonaldtown"
761,1367.08717165,1367.08717165,1367.14005636,1367.087172,0%,"Redfern, Erskineville and Macdonaldtown"
778,91245.7275703,91635.3488553,91140.91031825,79202.936,-13.2%,"Redfern, Erskineville and Macdonaldtown"
779,38683.2305278,38519.4642394,38025.91104956,36370.43545,-6%,"Redfern, Erskineville and Macdonaldtown"
780,18740.71525,19033.3456224,19248.64098399,17808.03907,-5%,"Redfern, Erskineville and Macdonaldtown"
781,68085.6184575,68308.8231369,68582.43218774,63856.76688,-6.2%,"Redfern, Erskineville and Macdonaldtown"
782,2564.08758196,2526.20243714,4813.97507318,4405.391855,71.8%,"Redfern, Erskineville and Macdonaldtown"
783,22705.5653263,25145.160692,25214.83587948,23818.94844,4.9%,"Redfern, Erskineville and Macdonaldtown"
784,13812.2720016,13811.5857931,18861.87526334,17957.24616,30%,"Redfern, Erskineville and Macdonaldtown"
785,13586.5847913,13756.9211657,14352.39080605,13170.604,-3.1%,"Redfern, Erskineville and Macdonaldtown"
787,13571.8271203,14490.2387085,14301.1556589,13698.00779,0.9%,"Redfern, Erskineville and Macdonaldtown"
788,20852.7703936,19346.956693,19046.80960424,18208.47965,-12.7%,"Redfern, Erskineville and Macdonaldtown"
789,13661.7576567,12654.3367149,12408.34185042,11952.74547,-12.5%,"Redfern, Erskineville and Macdonaldtown"
790,8579.89913074,9464.07822027,8482.96744288,7422.124815,-13.5%,"Redfern, Erskineville and Macdonaldtown"
791,15506.5988773,15506.5978431,15506.597205,15089.91485,-2.7%,"Redfern, Erskineville and Macdonaldtown"
792,5383.70396868,5383.70396868,4514.73396962,4347.790932,-19.2%,"Redfern, Erskineville and Macdonaldtown"
793,4756.8830372,4756.8830372,4784.13925836,4617.858987,-2.9%,"Redfern, Erskineville and Macdonaldtown"
794,11667.5638134,11667.5631105,11816.19169973,11261.13638,-3.5%,"Redfern, Erskineville and Macdonaldtown"
795,7833.00452298,7741.61024632,8052.14780306,7587.254388,-3.1%,"Redfern, Erskineville and Macdonaldtown"
796,6228.5814663,5743.51065325,6117.15229502,8763.772261,40.7%,"Redfern, Erskineville and Macdonaldtown"
797,10122.401568,5614.50939404,16933.83333675,16115.14216,59.2%,"Redfern, Erskineville and Macdonaldtown"
798,7766.6573086,8518.99613907,8514.8107067,8238.442319,6.1%,"Redfern, Erskineville and Macdonaldtown"
799,4897.36261173,4800.79216425,4803.5376634,4619.093742,-5.7%,"Redfern, Erskineville and Macdonaldtown"
800,18267.5209922,18267.386263,17959.85652213,18131.0864,-0.7%,Camperdown
801,11708.1846727,11684.0012174,11724.30604815,11101.30652,-5.2%,Camperdown
802,4076.81817209,5186.03071529,5116.5186923,4773.98223,17.1%,Camperdown
803,3273.27467112,3273.27467112,3350.94787286,3350.913869,2.4%,Camperdown
804,18037.2988233,18008.9677026,17910.1623583,16946.28182,-6%,Camperdown
805,9009.43673075,9009.43673075,9009.43673075,8634.583343,-4.2%,Camperdown
806,9730.32360592,12413.6693883,13978.5509031,13324.71106,36.9%,Camperdown
807,7968.061448,7895.4219061,7895.42134995,7732.808565,-3%,Camperdown
809,10364.1271463,12271.7690746,12655.97676286,11749.03161,13.4%,Camperdown
810,10506.6678451,9994.39160046,10197.82241466,10043.90393,-4.4%,Camperdown
811,8751.65479221,9937.07025642,10716.64970059,10252.17836,17.1%,Camperdown
812,14851.8251611,14851.8251611,14851.8251611,13787.31667,-7.2%,Camperdown
813,8774.21737484,8774.12437705,8774.12516026,8618.82246,-1.8%,Camperdown
814,18584.1486611,18584.168494,17762.23499844,17074.22392,-8.1%,Camperdown
815,10829.0639189,10829.0634309,10863.40041288,10661.94696,-1.5%,Camperdown
816,2054.04082026,1976.59732018,2009.56728588,1975.072264,-3.8%,Camperdown
817,8293.92115965,8293.92115965,7867.06276194,7795.039167,-6%,Camperdown
818,3042.83128365,3042.83128365,3106.3466681,3194.991329,5%,Camperdown
819,9347.17626483,9349.82532649,9212.25128164,9021.370895,-3.5%,Camperdown
820,13792.5294076,13792.5298645,13844.39339062,13602.03231,-1.4%,Camperdown
821,31105.9751521,30964.476086,31125.88515544,27875.57418,-10.4%,Camperdown
822,9831.66193867,9740.29052598,9985.95911171,9992.102876,1.6%,Camperdown
823,13278.017722,13278.0172018,14400.20666113,13875.5888,4.5%,Camperdown
824,1969.28020795,1965.54208204,1965.28140041,1906.631076,-3.2%,Camperdown
826,9658.49470058,9658.49470063,16292.53380322,15524.48376,60.7%,Camperdown
827,34642.538226,37672.7246426,45407.95260069,44052.83385,27.2%,Camperdown
828,18928.0657204,18928.0657204,18908.69637971,18311.4086,-3.3%,Camperdown
829,32308.6704414,32306.7062533,32435.47601146,31344.99299,-3%,Camperdown
830,108020.555664,109117.459262,148064.21255119,170036.4693,57.4%,Camperdown
831,12424.5938085,15838.7370485,15838.73785143,15479.82875,24.6%,Camperdown
832,28529.2091466,28529.2091434,30350.2884756,28126.77913,-1.4%,Camperdown
833,32036.5406245,32036.2641254,23019.15366119,21788.83046,-32%,Camperdown
834,27877.7828574,27795.1020549,28220.35080782,27285.47034,-2.1%,Camperdown
835,15124.734972,17222.7379763,17510.14362812,18020.18357,19.1%,Camperdown
836,18013.6772061,17985.7944128,17985.79490092,19168.78562,6.4%,Camperdown
837,24583.2147088,27912.2877898,28850.06398176,27761.36565,12.9%,Camperdown
838,13805.3162926,13841.8964056,14043.12291742,14098.26421,2.1%,Camperdown
839,26061.8956874,25032.8823016,23224.00161693,21799.64718,-16.4%,Glebe
840,14931.7720954,14505.3376495,15983.50974403,16021.92723,7.3%,Glebe
841,11206.4990775,10450.5296056,10435.43444008,10102.42876,-9.9%,Glebe
842,13514.2595937,15103.8370646,19873.95893069,18931.17381,40.1%,Glebe
843,15466.8903769,15445.6081501,15445.60820807,15052.48252,-2.7%,Glebe
844,64197.3379075,64573.4280485,112412.09017111,108894.6837,69.6%,Glebe
845,86224.9564999,144134.952719,144179.00971486,138913.3671,61.1%,Glebe
846,4856.29146394,4856.29146394,4856.29146394,4856.291464,0%,Camperdown
847,3613.28447921,3215.47593292,3215.47593292,3192.470779,-11.6%,Camperdown
848,2885.15350903,2885.15350903,2885.15350903,2885.153509,-0%,Camperdown
849,5417.74778392,5433.80920968,5434.91231979,5441.529907,0.4%,Camperdown
850,3070.10037281,3070.10122475,2872.44581841,2083.437674,-32.1%,Camperdown
851,3156.92588712,3156.92588712,3251.55192044,3219.901619,2%,Camperdown
852,2515.55052814,2515.55052814,2515.55052814,2515.550528,-0%,Camperdown
853,2579.66344804,2579.66344804,2579.66344804,2579.663448,-0%,Camperdown
854,5413.247575,5413.247575,5413.247575,5413.247575,0%,Camperdown
855,3008.63658913,3008.63658913,3008.63658913,3151.672995,4.8%,Camperdown
856,3356.21378579,3535.06072031,3535.06857077,3489.625401,4%,Camperdown
857,6198.39132941,6224.83828304,5823.41582783,5617.525032,-9.4%,Camperdown
858,8783.75497734,8665.71029517,9017.73844942,8623.956732,-1.8%,Camperdown
859,6456.80862933,6698.754713,7154.57816697,7132.97487,10.5%,Camperdown
860,21236.7583071,19803.90227,19902.31837409,19351.28507,-8.9%,Camperdown
861,5281.97699333,5310.60477109,5377.99154114,5166.136221,-2.2%,Camperdown
863,76223.1627435,174320.897091,166281.74827968,303926.7774,298.7%,Camperdown
868,42606.7990209,42305.7518733,42444.03725043,41350.7494,-2.9%,Camperdown
869,29698.4388072,29698.4388072,29698.43880724,28574.29799,-3.8%,Camperdown
870,31568.254023,32838.2346295,29877.52104833,29899.42898,-5.3%,Camperdown
901,93591.392113,93641.6473834,92245.53298005,87015.78533,-7%,Glebe
902,77375.3284952,80962.0006222,80962.00184864,75309.68473,-2.7%,Glebe
903,25656.5909413,25662.7709236,28909.81733525,27730.88795,8.1%,Glebe
904,16082.4588379,15779.1503388,16995.97926233,16861.78515,4.8%,Glebe
905,31229.1065196,14437.9481506,6240.03177981,26530.29228,-15%,Glebe
906,3189.8839678,3189.8839678,3189.8839678,808.4436389,-74.7%,Glebe
907,5165.9089209,5165.9089209,5165.9089209,5165.908921,0%,Glebe
908,5427.13941734,5427.13944468,5427.13944468,5427.139599,0%,Glebe
909,5227.26449499,5227.26449499,5227.26449499,5227.264495,0%,Glebe
910,7186.85118,7186.85118,7186.85118,7186.85118,0%,Glebe
911,10480.7401227,10570.5902398,10825.40957705,10935.27916,4.3%,Glebe
912,6498.3126266,7460.65630264,7470.76400721,7413.860409,14.1%,Glebe
913,31144.9699351,31467.5145815,31640.8786261,30341.03036,-2.6%,Glebe
914,7993.11742899,7993.11742899,7888.51518793,7963.70781,-0.4%,Glebe
915,19447.7238107,19741.2285642,22924.83421014,21643.97906,11.3%,Glebe
916,17866.1405937,17866.0819104,17835.17156571,17575.0274,-1.6%,Glebe
917,36580.3560174,37077.7735363,42440.65585958,34999.91572,-4.3%,Glebe
918,12078.5575073,12078.5575073,12508.37707071,12428.92165,2.9%,Glebe
919,9192.91513774,9050.49707629,9674.01460774,10480.64172,14%,Glebe
920,14404.2975311,14404.2972468,15032.31270819,15051.51037,4.5%,Glebe
921,10645.4332129,10615.0122484,11355.78758916,11225.5593,5.4%,Glebe
922,19106.1194244,19106.1194244,18971.22548794,18971.22549,-0.7%,Glebe
923,15525.2986959,15525.2986959,15528.40999133,15528.40999,0%,Glebe
924,18423.1322769,18293.9389431,17787.92517208,17446.53111,-5.3%,Glebe
925,20779.768637,20765.0452636,19605.40107353,19410.36053,-6.6%,Glebe
926,9762.30200188,9352.71528347,9362.8147093,9321.499095,-4.5%,Glebe
927,8703.84740199,8731.15107814,8731.15107814,8731.151078,0.3%,Glebe
928,4901.74823314,4901.74823314,4890.99725137,4901.748233,-0%,Glebe
929,4580.41035595,4580.41035595,4580.41035595,4633.395253,1.2%,Glebe
930,10823.5376546,10823.538225,10823.53822502,10525.3944,-2.8%,Glebe
931,4005.72740716,3851.17406075,3957.17145366,4306.650972,7.5%,Glebe
932,9478.41609909,10682.6093634,10770.19510846,10519.96151,11%,Glebe
933,9446.94797613,9488.37555236,9488.37555236,9428.592717,-0.2%,Glebe
934,7518.87494349,7518.87494349,7518.87494349,7518.874943,-0%,Glebe
935,10570.1187507,10590.1540372,10733.39036293,10724.98719,1.5%,Glebe
936,10117.2711441,10117.2711441,10496.87241289,10657.72937,5.3%,Glebe
937,8666.69202371,8833.59930557,8461.20152365,10739.05193,23.9%,Glebe
938,3695.92824988,3246.77741241,3246.77511651,3082.239454,-16.6%,Glebe
939,9423.99961584,9423.99961584,9212.19991094,9212.199911,-2.2%,Glebe
940,9814.27049044,9814.27049044,9303.09063711,9195.348745,-6.3%,Glebe
941,8616.57076585,9047.17598571,9131.16933567,9061.050011,5.2%,Glebe
942,9490.50276612,9522.60199578,9428.98959104,9253.234994,-2.5%,Glebe
943,8258.64022269,8258.64022269,8329.00095878,8329.000959,0.9%,Glebe
944,7451.99281869,7451.99281869,7451.99281869,7451.992819,0%,Glebe
945,5782.28564502,6034.51570665,6402.48287505,6332.926136,9.5%,Glebe
946,4712.09211041,4653.1463281,4706.93852212,4637.149623,-1.6%,Glebe
947,9341.40900866,9414.50288789,9432.72198652,9364.376081,0.2%,Glebe
948,11618.1734372,11567.6289548,10515.62526215,10323.19568,-11.1%,Glebe
949,15875.5711364,17947.8307296,17626.0137934,17421.63708,9.7%,Glebe
950,13491.835476,13491.835476,13531.18370009,13464.20957,-0.2%,Glebe
951,28157.147729,28817.609137,29404.1381968,28770.82327,2.2%,Glebe
952,27546.4386393,27485.2607208,29530.56279225,28955.36014,5.1%,Glebe
953,14773.183903,17146.3603705,15498.54046807,15051.97019,1.9%,Glebe
954,7140.46400244,7140.46400244,7942.78255311,8105.126176,13.5%,Glebe
955,13933.9209247,13933.9209247,13933.92092466,13908.1185,-0.2%,Glebe
956,27722.9045186,27179.2778566,27179.27785659,26813.176,-3.3%,Glebe
957,15188.6515859,15175.6612504,15175.66125041,15106.1849,-0.5%,Glebe
958,26435.4775286,26073.5489592,25279.83673,24854.41693,-6%,Glebe
959,32360.150962,32360.150962,31586.55142313,31322.43909,-3.2%,Glebe
960,31198.9676074,31198.9676074,31198.96760743,30846.29235,-1.1%,Glebe
961,7057.8895766,7139.4979554,7139.49798816,6975.941244,-1.2%,Glebe
962,27694.0446718,27694.0446718,27717.55470597,27327.43282,-1.3%,Glebe
963,4079.43427729,4079.43427729,4519.77716114,4519.777161,10.8%,Glebe
964,16000.0534165,16000.0534165,16000.05341198,15669.24891,-2.1%,Glebe
965,3713.38205119,3768.62588412,3778.3646463,3626.68824,-2.3%,Glebe
966,9497.52709628,9497.52709628,9878.49212459,10134.47683,6.7%,Glebe
967,29000.5944594,31234.33287,31098.00382649,31016.75876,7%,Glebe
969,7855.67539236,7855.67539236,7855.67539236,7755.914933,-1.3%,Glebe
970,6593.12836822,6593.12836822,6593.12836822,6593.128368,-0%,Glebe
971,10969.6196628,10969.6196628,10969.61966278,10887.96127,-0.7%,Glebe
972,7859.07923468,7859.07923468,7859.07923468,7730.316909,-1.6%,Glebe
973,9341.25444046,9362.68945975,9672.75755355,9558.060172,2.3%,Glebe
974,13643.2311255,13643.2311255,13071.4722457,12996.36061,-4.7%,Glebe
975,9623.69263819,9623.69263819,9512.45418745,9486.331847,-1.4%,Glebe
976,31945.6779622,32080.8517277,35191.47074664,22395.25134,-29.9%,Glebe
977,23938.6609942,24049.0273208,24017.11015756,23497.18242,-1.8%,Glebe
978,11249.2030935,11249.2030935,11249.20309347,11259.26804,0.1%,Glebe
979,2528.84994023,2528.84994023,2528.84994023,2528.84994,-0%,Glebe
980,8407.08512918,9234.72127923,9275.52048657,9465.750016,12.6%,Glebe
981,11861.2837049,11861.2837049,11861.28370489,11879.52115,0.2%,Glebe
982,36787.1375756,36800.6573328,36010.92866315,34590.38153,-6%,Glebe
983,15508.3609154,15508.3609154,15508.36091536,14606.14397,-5.8%,Glebe
984,14841.3543896,15084.0507865,14395.83722267,13959.85614,-5.9%,Glebe
985,2614.77563494,2614.77563494,2614.77563494,2549.841378,-2.5%,Glebe
986,6284.93917918,6284.93917918,6315.23328915,6850.961555,9%,Glebe
987,36753.3435317,40005.6941063,36435.05602362,34933.2677,-5%,Glebe
988,4387.20572885,4387.20572885,4387.20572885,4387.205729,0%,Glebe
989,24877.8943316,24877.8943316,24501.06505108,24137.80452,-3%,Glebe
990,19788.8048591,19148.4644997,19385.76241887,19063.12065,-3.7%,Glebe
991,8962.09171878,8962.09171878,8962.09171878,8962.091719,0%,Glebe
992,26018.1255067,35977.8381099,30258.18095446,31256.4318,20.1%,Glebe
993,6320.08562129,6357.93968967,6462.67583889,6118.38288,-3.2%,Glebe
995,9294.50527759,17745.7329875,5391.74317508,6073.075664,-34.7%,Glebe
997,40789.8497357,41182.5470249,41545.14354449,39477.5216,-3.2%,Glebe
1000,25716.7637617,39450.0159758,39783.49670391,42050.5845,63.5%,Alexandria
1001,98158.1642968,101082.2349,98155.55672813,95189.16195,-3%,Alexandria
1002,22932.5091834,22194.0505952,22860.37411343,32793.94533,43%,Alexandria
1003,137646.317056,128376.789144,169727.52824815,13543.00019,-90.2%,Alexandria
1004,9424.56032861,9566.51119082,9722.98662491,9534.010728,1.2%,Alexandria
1005,15135.3447944,15135.3447944,15135.34479441,15135.34479,-0%,Alexandria
1006,16590.8679978,16590.7997066,16521.5556749,16470.39202,-0.7%,Alexandria
1007,1255.36966642,1255.36966642,1255.36966642,1224.214455,-2.5%,Alexandria
1008,16858.7678576,16731.6721765,16826.48874439,16746.97023,-0.7%,Alexandria
1009,13395.8729365,13395.8729365,13352.69092712,13686.89837,2.2%,Alexandria
1010,25377.2753115,25377.2753115,25755.92629949,25141.41686,-0.9%,Alexandria
1011,23125.1768657,23758.4985203,26978.96488519,33950.14867,46.8%,Alexandria
1012,13974.3190459,14287.7277396,14252.42808811,14287.74253,2.2%,Alexandria
1013,12805.5687153,12711.1368962,12824.62836705,12780.87785,-0.2%,Alexandria
1014,19001.3719376,19001.3718238,18945.55866405,18698.42563,-1.6%,Alexandria
1015,20920.4415561,20920.4414874,21151.92423493,21208.48895,1.4%,Alexandria
1016,29112.3087343,30882.095509,30494.86999529,24072.50061,-17.3%,Alexandria
1017,5144.8154723,5022.06848328,2606.4287916,4940.324995,-4%,Alexandria
1018,8627.72802061,9305.05589327,10710.40943897,10657.8108,23.5%,Alexandria
1019,11110.6831296,11063.0597096,10914.11273446,10930.40657,-1.6%,Alexandria
1020,7498.81955712,7496.03196077,7556.14544203,7466.371411,-0.4%,Alexandria
1021,3256.38216477,3401.1955748,3414.89905974,3414.89906,4.9%,Alexandria
1022,14220.0844792,14220.0844792,14220.08447919,13948.71016,-1.9%,Alexandria
1023,11237.9718833,11187.2491343,11025.01977891,10987.53254,-2.2%,Alexandria
1024,18522.9665082,18804.6212161,18504.1852341,18416.2382,-0.6%,Alexandria
1025,11743.3931802,11743.3934239,11840.41593641,11840.36231,0.8%,Alexandria
1026,7131.1331895,7131.13266308,7131.21807913,7106.096989,-0.4%,Alexandria
1027,5784.89189843,5784.88823983,5443.77217677,5639.977701,-2.5%,Alexandria
1028,10626.1748075,10626.1500598,7868.62962807,9727.446442,-8.5%,Alexandria
1029,10565.6580649,10565.7714546,10544.37182873,10544.37183,-0.2%,Alexandria
1030,57262.4702421,55296.5070515,71668.50085284,82788.09995,44.6%,Alexandria
1031,20254.0191471,20253.7519532,20161.55292407,19370.19628,-4.4%,Alexandria
1032,9493.70144573,8998.51110687,14299.20198498,13936.77404,46.8%,Alexandria
1033,178.72173052,378.07389683,378.07389683,209.8757222,17.4%,Alexandria
1034,13725.6558906,13725.6556927,13120.20496112,13019.35706,-5.1%,Alexandria
1035,12268.0547253,12045.2882308,12162.01321044,12021.9746,-2%,Alexandria
1036,12047.1330193,11975.3384035,12385.26789643,11465.20737,-4.8%,Alexandria
1037,24146.4860701,24433.0233702,25419.37128555,24476.62362,1.4%,Alexandria
1038,30468.3387333,28907.1144202,25223.77198413,23541.0354,-22.7%,Alexandria
1039,10493.5980282,10945.389871,14148.59515906,14548.31663,38.6%,Alexandria
1040,14862.5304683,14867.7850649,18165.07008849,18087.62118,21.7%,Alexandria
1041,7542.87258797,7913.28655588,8201.90200176,9390.017839,24.5%,Alexandria
1042,8889.10609088,8889.10609088,8806.99005777,8806.990058,-0.9%,Alexandria
1043,30454.4313683,31558.236383,30193.64634746,31187.81807,2.4%,Alexandria
1044,36592.8306645,35063.1621425,64537.21382274,62333.76561,70.3%,Alexandria
1045,0,286.56604288,642.33040338,629.2465252,0%,Alexandria
1046,59715.3783298,60204.6524691,60422.08205956,59781.92474,0.1%,Alexandria
1047,9868.06650896,9868.06650896,9775.1165663,9868.066509,0%,Alexandria
1048,4260.62125725,4260.62125725,4953.50313508,4931.782447,15.8%,Alexandria
1049,18934.4133346,18939.6161946,19103.59655481,19138.55229,1.1%,Alexandria
1050,18599.7038501,18599.7031039,18599.70321128,18504.0546,-0.5%,Alexandria
1051,17853.3382073,17853.3382073,17828.29016037,17792.11322,-0.3%,Alexandria
1052,8084.83240772,8084.83395284,13150.54764555,13006.99967,60.9%,Alexandria
1053,6899.58974171,6899.58988192,6790.78681136,7406.227372,7.3%,Alexandria
1054,14735.7590927,14735.7590927,14735.75921541,14064.66096,-4.6%,Alexandria
1055,58820.9050068,60414.1571118,60112.87413789,59095.94681,0.5%,Alexandria
1056,8918.20333848,8593.74826918,5124.99016384,20782.05998,133%,Alexandria
1057,23317.7546412,21936.9117184,24009.82532525,22629.13228,-3%,Alexandria
1058,9191.00021314,9191.00012056,9191.09857726,9061.921934,-1.4%,Alexandria
1059,45186.7182533,43052.0211079,59599.93744567,58286.11195,29%,Alexandria
1060,46209.3385871,99256.6431943,97852.65816331,93168.85315,101.6%,Alexandria
1061,42146.5478452,42625.4212041,48965.20330179,35051.41157,-16.8%,Alexandria
1062,55087.1487496,54904.2661831,54837.38202328,52669.67105,-4.4%,Alexandria
1063,33426.7145827,33139.0014728,32993.01635996,32023.60599,-4.2%,Alexandria
1064,78864.3487894,135184.092795,136399.96380973,130504.4126,65.5%,Alexandria
1065,86105.0728104,86787.8481888,86964.60117087,83427.21485,-3.1%,Alexandria
1066,15821.2788372,10422.4427353,9391.29352492,9698.892484,-38.7%,Alexandria
1067,110492.105772,101059.665837,30860.64514704,18793.60033,-83%,Alexandria
1069,7765.79599085,7630.63143628,7806.88492982,7302.860146,-6%,Alexandria
1070,40157.2077791,39676.1468941,37499.75669492,44051.8107,9.7%,Alexandria
1071,2288.66193281,2360.59220265,2420.31726428,2422.73109,5.9%,Alexandria
1072,6194.29414692,16045.0144534,16496.28322492,16122.67948,160.3%,Alexandria
1073,1915.28844342,35643.0366639,35643.46019609,34572.61922,1705.1%,Alexandria
1074,0,12629.2472389,12629.247239,12369.1908,0%,Alexandria
1075,0,27828.5122902,47412.97394537,45442.51839,0%,Alexandria
1076,417.00162242,324.61599474,147259.2252551,141281.9434,33780.4%,Alexandria
1077,0,15684.1478752,38542.44118236,36725.91758,0%,Alexandria
1078,64733.5204171,53168.6373852,87996.20303026,93153.84888,43.9%,Alexandria
1080,71400.5009382,50387.770976,113781.62785453,96494.8653,35.1%,Alexandria
1081,12835.9550396,12846.7556299,10435.47065806,10110.44287,-21.2%,Alexandria
1082,24507.7819869,24464.6347425,11147.56843109,50139.94747,104.6%,Alexandria
1083,6918.05133645,8470.58838105,8227.08759976,8199.590325,18.5%,Alexandria
1084,12468.4855708,12200.2493304,12228.18776104,12097.21505,-3%,Alexandria
1085,66428.4962329,49045.2002879,4380.37849962,4380.3785,-93.4%,Alexandria
1086,13527.4335141,14094.4082893,14387.10750196,14346.54428,6.1%,Alexandria
1087,21355.8935376,17940.2109205,19427.75155977,25887.65159,21.2%,Alexandria
1088,40576.6158319,50978.1952318,58812.29209148,62073.587,53%,Alexandria
1089,52578.4700604,66954.2805681,67402.62049,64194.89572,22.1%,Alexandria
1090,128006.693145,129160.790936,124496.96019626,122522.4428,-4.3%,Alexandria
1091,34722.5157285,43516.8458902,42170.1818185,43527.1968,25.4%,Alexandria
1092,31318.9944398,31793.8480285,25362.22826207,45781.70213,46.2%,Alexandria
1093,75168.8616711,63319.7404434,61622.43985888,70126.01723,-6.7%,Alexandria
1094,75271.5302691,58991.9840515,74763.26966892,77515.14881,3%,Alexandria
1095,105564.239391,104168.325395,107330.01248027,103628.4074,-1.8%,Alexandria
1096,38813.6080922,37329.0233046,36679.90741009,37859.26226,-2.5%,Alexandria
1097,69177.62142,63949.6408791,63954.69464168,58226.82213,-15.8%,Alexandria
1098,30873.7630066,31052.2584568,32191.43109014,35166.62126,13.9%,Alexandria
1099,6812.55531933,7146.78183672,7146.78188939,6963.503108,2.2%,Alexandria
1100,14828.9787801,14842.6730337,13696.91281007,14728.55145,-0.7%,Alexandria
1101,17020.975662,17050.223798,15160.84352239,22553.97232,32.5%,Alexandria
1102,21144.506469,25702.4560641,27090.66112121,30928.23551,46.3%,Alexandria
1103,7778.08525207,7782.4511576,9119.22460206,8925.86366,14.8%,Alexandria
1104,17868.1893777,19478.2738894,18690.33292587,19542.4593,9.4%,Alexandria
1105,9243.92574524,10052.2025333,10647.55782472,10823.78846,17.1%,Alexandria
1106,17241.7004661,17828.0255192,18024.26415729,17944.05016,4.1%,Alexandria
1107,14192.2469116,14190.3226861,15430.81830965,15270.30844,7.6%,Alexandria
1108,19061.9815872,18852.0489968,13983.87750202,15402.69505,-19.2%,Alexandria
1109,4749.53124196,4749.53050369,4807.06766849,12612.75941,165.6%,Alexandria
1110,28874.9091364,28874.7903179,28311.25226148,27220.73652,-5.7%,Alexandria
1111,17485.0814077,17206.9518609,22408.93828238,30413.08791,73.9%,Alexandria
1112,17482.3235838,19475.7867052,21080.39400946,23990.81748,37.2%,Alexandria
1113,21312.4541011,20260.4685101,44277.04104233,42734.58317,100.5%,Alexandria
1114,18716.6456453,17981.2078996,18874.71014169,41159.91561,119.9%,Alexandria
1115,13662.6151701,14893.6796199,8195.91678042,5946.978421,-56.5%,Alexandria
1116,12874.0134309,13396.2665651,11915.47356181,12688.99063,-1.4%,Alexandria
1117,43445.3681132,45563.7760904,45563.63983529,44528.51192,2.5%,Alexandria
1118,33126.4669776,33059.1171562,35291.67414778,35438.83185,7%,Alexandria
1119,3868.59316706,4007.78515703,4007.99463437,4007.785157,3.6%,Alexandria
1120,21422.8924882,21496.9624354,21154.62785515,20687.18479,-3.4%,Alexandria
1121,35909.551807,35613.5004397,16732.02381377,42170.88421,17.4%,Alexandria
1122,83764.0656225,128066.15188,104760.96303016,104858.9856,25.2%,Alexandria
1123,43743.2350125,41603.1128963,67044.87322475,65195.93663,49%,Alexandria
1124,3074.05484874,3074.05484874,3074.05484874,3074.054849,0%,Alexandria
1125,7542.70943932,8071.52527499,8118.50469794,8889.298855,17.9%,Alexandria
1126,1641.57818189,1641.57818189,1641.57818189,1075.923743,-34.5%,Alexandria
1127,6719.81863682,6790.36856856,6785.39346524,6774.561894,0.8%,Alexandria
1128,9053.5444355,9053.5444355,9053.59336113,9254.335544,2.2%,Alexandria
1129,8748.51381945,8748.51381945,8748.51381945,8748.513819,-0%,Alexandria
1130,13178.7113811,13178.7113811,13178.71138108,13247.5392,0.5%,Alexandria
1131,9945.34832481,9945.34832481,9945.34832481,9945.348325,0%,Alexandria
1132,17448.4745867,17448.4745867,17448.47458669,17687.412,1.4%,Alexandria
1133,7728.20418457,7728.20418457,7746.46125836,7746.461258,0.2%,Alexandria
1134,6104.8471376,6104.8471376,6104.8471376,6104.847138,0%,Alexandria
1135,10573.5881701,10651.58772,10781.63123537,11066.96769,4.7%,Alexandria
1136,5849.70358444,5849.70358444,5849.70358444,5849.703584,-0%,Alexandria
1137,5716.04008871,5755.20391886,5755.20391886,5755.203919,0.7%,Alexandria
1138,4655.46305355,4655.46305355,4655.46305355,4655.463054,0%,Alexandria
1139,11832.7918662,13480.2976029,15088.87211997,14891.02423,25.8%,Alexandria
1140,34905.4622409,14989.4370446,39573.71802955,37675.15776,7.9%,Alexandria
1141,35918.5917996,40223.4972161,54608.58959339,52843.3993,47.1%,Alexandria
1142,17350.6848391,17350.6882645,17350.68826452,32598.03541,87.9%,Alexandria
1143,30211.1061593,30685.9534813,31165.97241368,29921.97265,-1%,Alexandria
1144,126.19478774,84.88885802,84.88885802,84.88885802,-32.7%,Alexandria
1145,7975.8501985,8154.29490977,9048.30594477,9247.234702,15.9%,Alexandria
1146,9478.6350672,9478.6350672,9703.8002623,9703.800262,2.4%,Alexandria
1147,5922.58157026,5922.58157026,6721.66141916,6721.661419,13.5%,Alexandria
1148,19982.0219204,20522.3805359,20265.10626967,20113.63046,0.7%,Alexandria
1149,32374.6238677,32282.9271099,39888.78540072,39030.59432,20.6%,Alexandria
1150,54911.44959,54899.066662,54930.51118046,47135.15066,-14.2%,Alexandria
1151,23724.8554807,24930.6842752,25826.08705039,29614.61306,24.8%,Alexandria
1152,90456.8695381,79747.2013717,97658.47417298,97179.65839,7.4%,Alexandria
1153,79896.3218542,85540.0285543,95111.00214913,91978.48394,15.1%,Alexandria
1154,103439.833042,101948.939879,101669.87149495,99417.69306,-3.9%,Alexandria
1155,205472.502276,207242.821255,239480.12749166,266641.4263,29.8%,Alexandria
1156,158459.734718,129831.885461,145149.73482254,165044.5161,4.2%,Alexandria
1157,221222.561098,224239.149236,214954.61404424,153883.7007,-30.4%,Alexandria
1158,63485.7658868,63847.8897759,72144.83618343,39237.71331,-38.2%,Alexandria
1159,93204.6667164,89183.5469951,95699.15075827,86665.5329,-7%,Alexandria
1160,22682.1024627,22721.1330838,19478.48182252,37218.48165,64.1%,Alexandria
1161,36388.9675315,40216.6131056,40344.29115252,40050.90115,10.1%,Alexandria
1163,45980.5503389,56266.3646212,35128.13821483,32619.63716,-29.1%,Alexandria
1164,12428.083543,12417.4332388,12337.89254751,12168.67481,-2.1%,Alexandria
1201,715.68141617,715.68134231,582.41733546,409.7350373,-42.7%,Zetland
1202,10641.773264,10641.773264,10641.78100678,10339.27509,-2.8%,Zetland
1203,9331.99678989,9331.99678989,9332.00334956,9197.839916,-1.4%,Zetland
1204,9932.02837656,9932.02837656,9932.03802086,9759.56758,-1.7%,Zetland
1205,17662.4810514,17662.4810514,17662.51731496,16867.98346,-4.5%,Zetland
1206,16700.7418782,16700.7418782,16700.75739016,16125.16435,-3.4%,Zetland
1207,105.66561155,105.66561155,105.66561155,0,-100%,Zetland
1208,33823.6581689,34166.561515,34148.45185966,32816.58869,-3%,Zetland
1209,35656.0655469,35656.0654412,35624.86201268,34529.08676,-3.2%,Zetland
1210,0,0,40677.64554187,38583.83961,0%,Zetland
1211,14793.2070973,14793.2070973,31352.29578173,29776.1896,101.3%,Zetland
1212,10407.998673,10407.998744,28160.38256035,26870.39419,158.2%,Zetland
1213,55135.3061138,55231.96108,72270.27568999,123097.6403,123.3%,Zetland
1214,125351.63574,125351.635839,125358.62152248,121295.2205,-3.2%,Zetland
1215,35.3956953,35.3956953,35.3956953,0,-100%,Zetland
1216,0,38018.7915349,38018.83236353,36260.68221,0%,Zetland
